Area Code,Area,Item Code,Item,Element Code,Element,Year,Unit,num_heads
2,Afghanistan,867,"Meat, cattle",5320,Producing Animals/Slaughtered,2017,Head,638865
2,Afghanistan,1058,"Meat, chicken",5321,Producing Animals/Slaughtered,2017,Head,34618000
2,Afghanistan,1017,"Meat, goat",5320,Producing Animals/Slaughtered,2017,Head,3463332
2,Afghanistan,977,"Meat, sheep",5320,Producing Animals/Slaughtered,2017,Head,7046244
3,Albania,867,"Meat, cattle",5320,Producing Animals/Slaughtered,2017,Head,328425
3,Albania,1058,"Meat, chicken",5321,Producing Animals/Slaughtered,2017,Head,11826000
3,Albania,1017,"Meat, goat",5320,Producing Animals/Slaughtered,2017,Head,642374
3,Albania,1035,"Meat, pig",5320,Producing Animals/Slaughtered,2017,Head,203002
3,Albania,977,"Meat, sheep",5320,Producing Animals/Slaughtered,2017,Head,1375356
4,Algeria,867,"Meat, cattle",5320,Producing Animals/Slaughtered,2017,Head,720000
4,Algeria,1058,"Meat, chicken",5321,Producing Animals/Slaughtered,2017,Head,263976000
4,Algeria,1017,"Meat, goat",5320,Producing Animals/Slaughtered,2017,Head,1882240
4,Algeria,1035,"Meat, pig",5320,Producing Animals/Slaughtered,2017,Head,2906
4,Algeria,977,"Meat, sheep",5320,Producing Animals/Slaughtered,2017,Head,16290048
7,Angola,867,"Meat, cattle",5320,Producing Animals/Slaughtered,2017,Head,619752
7,Angola,1058,"Meat, chicken",5321,Producing Animals/Slaughtered,2017,Head,44861000
7,Angola,1017,"Meat, goat",5320,Producing Animals/Slaughtered,2017,Head,1289297
7,Angola,1035,"Meat, pig",5320,Producing Animals/Slaughtered,2017,Head,1715150
7,Angola,977,"Meat, sheep",5320,Producing Animals/Slaughtered,2017,Head,279064
8,Antigua and Barbuda,867,"Meat, cattle",5320,Producing Animals/Slaughtered,2017,Head,800
8,Antigua and Barbuda,1058,"Meat, chicken",5321,Producing Animals/Slaughtered,2017,Head,19000
8,Antigua and Barbuda,1017,"Meat, goat",5320,Producing Animals/Slaughtered,2017,Head,915
8,Antigua and Barbuda,1035,"Meat, pig",5320,Producing Animals/Slaughtered,2017,Head,1308
8,Antigua and Barbuda,977,"Meat, sheep",5320,Producing Animals/Slaughtered,2017,Head,712
9,Argentina,867,"Meat, cattle",5320,Producing Animals/Slaughtered,2017,Head,12616936
9,Argentina,1058,"Meat, chicken",5321,Producing Animals/Slaughtered,2017,Head,722119000
9,Argentina,1017,"Meat, goat",5320,Producing Animals/Slaughtered,2017,Head,1095690
9,Argentina,1035,"Meat, pig",5320,Producing Animals/Slaughtered,2017,Head,6425216
9,Argentina,977,"Meat, sheep",5320,Producing Animals/Slaughtered,2017,Head,2811042
1,Armenia,867,"Meat, cattle",5320,Producing Animals/Slaughtered,2017,Head,578240
1,Armenia,1058,"Meat, chicken",5321,Producing Animals/Slaughtered,2017,Head,10118000
1,Armenia,1017,"Meat, goat",5320,Producing Animals/Slaughtered,2017,Head,2554
1,Armenia,1035,"Meat, pig",5320,Producing Animals/Slaughtered,2017,Head,201709
1,Armenia,977,"Meat, sheep",5320,Producing Animals/Slaughtered,2017,Head,697987
10,Australia,867,"Meat, cattle",5320,Producing Animals/Slaughtered,2017,Head,7423300
10,Australia,1058,"Meat, chicken",5321,Producing Animals/Slaughtered,2017,Head,652680000
10,Australia,1017,"Meat, goat",5320,Producing Animals/Slaughtered,2017,Head,2087349
10,Australia,1035,"Meat, pig",5320,Producing Animals/Slaughtered,2017,Head,5159800
10,Australia,977,"Meat, sheep",5320,Producing Animals/Slaughtered,2017,Head,28896900
11,Austria,867,"Meat, cattle",5320,Producing Animals/Slaughtered,2017,Head,678258
11,Austria,1058,"Meat, chicken",5321,Producing Animals/Slaughtered,2017,Head,88700000
11,Austria,1017,"Meat, goat",5320,Producing Animals/Slaughtered,2017,Head,44258
11,Austria,1035,"Meat, pig",5320,Producing Animals/Slaughtered,2017,Head,5152595
11,Austria,977,"Meat, sheep",5320,Producing Animals/Slaughtered,2017,Head,244676
52,Azerbaijan,867,"Meat, cattle",5320,Producing Animals/Slaughtered,2017,Head,1188570
52,Azerbaijan,1058,"Meat, chicken",5321,Producing Animals/Slaughtered,2017,Head,88500000
52,Azerbaijan,1035,"Meat, pig",5320,Producing Animals/Slaughtered,2017,Head,9090
52,Azerbaijan,977,"Meat, sheep",5320,Producing Animals/Slaughtered,2017,Head,5417185
12,Bahamas,867,"Meat, cattle",5320,Producing Animals/Slaughtered,2017,Head,111
12,Bahamas,1058,"Meat, chicken",5321,Producing Animals/Slaughtered,2017,Head,5571000
12,Bahamas,1017,"Meat, goat",5320,Producing Animals/Slaughtered,2017,Head,6143
12,Bahamas,1035,"Meat, pig",5320,Producing Animals/Slaughtered,2017,Head,7050
12,Bahamas,977,"Meat, sheep",5320,Producing Animals/Slaughtered,2017,Head,2075
13,Bahrain,867,"Meat, cattle",5320,Producing Animals/Slaughtered,2017,Head,6179
13,Bahrain,1058,"Meat, chicken",5321,Producing Animals/Slaughtered,2017,Head,8674000
13,Bahrain,1017,"Meat, goat",5320,Producing Animals/Slaughtered,2017,Head,14000
13,Bahrain,977,"Meat, sheep",5320,Producing Animals/Slaughtered,2017,Head,1569462
16,Bangladesh,867,"Meat, cattle",5320,Producing Animals/Slaughtered,2017,Head,2656824
16,Bangladesh,1058,"Meat, chicken",5321,Producing Animals/Slaughtered,2017,Head,279069000
16,Bangladesh,1017,"Meat, goat",5320,Producing Animals/Slaughtered,2017,Head,30040548
16,Bangladesh,977,"Meat, sheep",5320,Producing Animals/Slaughtered,2017,Head,652600
14,Barbados,867,"Meat, cattle",5320,Producing Animals/Slaughtered,2017,Head,885
14,Barbados,1058,"Meat, chicken",5321,Producing Animals/Slaughtered,2017,Head,9735000
14,Barbados,1017,"Meat, goat",5320,Producing Animals/Slaughtered,2017,Head,2109
14,Barbados,1035,"Meat, pig",5320,Producing Animals/Slaughtered,2017,Head,33109
14,Barbados,977,"Meat, sheep",5320,Producing Animals/Slaughtered,2017,Head,2868
57,Belarus,867,"Meat, cattle",5320,Producing Animals/Slaughtered,2017,Head,1576013
57,Belarus,1058,"Meat, chicken",5321,Producing Animals/Slaughtered,2017,Head,456602000
57,Belarus,1035,"Meat, pig",5320,Producing Animals/Slaughtered,2017,Head,5276282
57,Belarus,977,"Meat, sheep",5320,Producing Animals/Slaughtered,2017,Head,81921
255,Belgium,867,"Meat, cattle",5320,Producing Animals/Slaughtered,2017,Head,920142
255,Belgium,1058,"Meat, chicken",5321,Producing Animals/Slaughtered,2017,Head,300502000
255,Belgium,1017,"Meat, goat",5320,Producing Animals/Slaughtered,2017,Head,16042
255,Belgium,1035,"Meat, pig",5320,Producing Animals/Slaughtered,2017,Head,10949769
255,Belgium,977,"Meat, sheep",5320,Producing Animals/Slaughtered,2017,Head,139029
23,Belize,867,"Meat, cattle",5320,Producing Animals/Slaughtered,2017,Head,7268
23,Belize,1058,"Meat, chicken",5321,Producing Animals/Slaughtered,2017,Head,11870000
23,Belize,1017,"Meat, goat",5320,Producing Animals/Slaughtered,2017,Head,78
23,Belize,1035,"Meat, pig",5320,Producing Animals/Slaughtered,2017,Head,32674
23,Belize,977,"Meat, sheep",5320,Producing Animals/Slaughtered,2017,Head,2199
53,Benin,867,"Meat, cattle",5320,Producing Animals/Slaughtered,2017,Head,199903
53,Benin,1058,"Meat, chicken",5321,Producing Animals/Slaughtered,2017,Head,25653000
53,Benin,1017,"Meat, goat",5320,Producing Animals/Slaughtered,2017,Head,584863
53,Benin,1035,"Meat, pig",5320,Producing Animals/Slaughtered,2017,Head,211301
53,Benin,977,"Meat, sheep",5320,Producing Animals/Slaughtered,2017,Head,324632
18,Bhutan,867,"Meat, cattle",5320,Producing Animals/Slaughtered,2017,Head,42552
18,Bhutan,1058,"Meat, chicken",5321,Producing Animals/Slaughtered,2017,Head,1153000
18,Bhutan,1017,"Meat, goat",5320,Producing Animals/Slaughtered,2017,Head,19000
18,Bhutan,1035,"Meat, pig",5320,Producing Animals/Slaughtered,2017,Head,21453
18,Bhutan,977,"Meat, sheep",5320,Producing Animals/Slaughtered,2017,Head,5729
19,Bolivia (Plurinational State of),867,"Meat, cattle",5320,Producing Animals/Slaughtered,2017,Head,1334000
19,Bolivia (Plurinational State of),1058,"Meat, chicken",5321,Producing Animals/Slaughtered,2017,Head,181805000
19,Bolivia (Plurinational State of),1017,"Meat, goat",5320,Producing Animals/Slaughtered,2017,Head,287000
19,Bolivia (Plurinational State of),1035,"Meat, pig",5320,Producing Animals/Slaughtered,2017,Head,2032000
19,Bolivia (Plurinational State of),977,"Meat, sheep",5320,Producing Animals/Slaughtered,2017,Head,1106000
80,Bosnia and Herzegovina,867,"Meat, cattle",5320,Producing Animals/Slaughtered,2017,Head,69196
80,Bosnia and Herzegovina,1058,"Meat, chicken",5321,Producing Animals/Slaughtered,2017,Head,39782000
80,Bosnia and Herzegovina,1035,"Meat, pig",5320,Producing Animals/Slaughtered,2017,Head,122612
80,Bosnia and Herzegovina,977,"Meat, sheep",5320,Producing Animals/Slaughtered,2017,Head,84036
20,Botswana,867,"Meat, cattle",5320,Producing Animals/Slaughtered,2017,Head,170000
20,Botswana,1058,"Meat, chicken",5321,Producing Animals/Slaughtered,2017,Head,5401000
20,Botswana,1017,"Meat, goat",5320,Producing Animals/Slaughtered,2017,Head,400000
20,Botswana,1035,"Meat, pig",5320,Producing Animals/Slaughtered,2017,Head,5125
20,Botswana,977,"Meat, sheep",5320,Producing Animals/Slaughtered,2017,Head,100000
21,Brazil,867,"Meat, cattle",5320,Producing Animals/Slaughtered,2017,Head,30866663
21,Brazil,1058,"Meat, chicken",5321,Producing Animals/Slaughtered,2017,Head,5842721000
21,Brazil,1017,"Meat, goat",5320,Producing Animals/Slaughtered,2017,Head,2789243
21,Brazil,1035,"Meat, pig",5320,Producing Animals/Slaughtered,2017,Head,43185385
21,Brazil,977,"Meat, sheep",5320,Producing Animals/Slaughtered,2017,Head,5727294
26,Brunei Darussalam,867,"Meat, cattle",5320,Producing Animals/Slaughtered,2017,Head,5278
26,Brunei Darussalam,1058,"Meat, chicken",5321,Producing Animals/Slaughtered,2017,Head,15522000
26,Brunei Darussalam,1017,"Meat, goat",5320,Producing Animals/Slaughtered,2017,Head,1121
26,Brunei Darussalam,1035,"Meat, pig",5320,Producing Animals/Slaughtered,2017,Head,1500
26,Brunei Darussalam,977,"Meat, sheep",5320,Producing Animals/Slaughtered,2017,Head,1299
27,Bulgaria,867,"Meat, cattle",5320,Producing Animals/Slaughtered,2017,Head,117417
27,Bulgaria,1058,"Meat, chicken",5321,Producing Animals/Slaughtered,2017,Head,50074000
27,Bulgaria,1017,"Meat, goat",5320,Producing Animals/Slaughtered,2017,Head,158354
27,Bulgaria,1035,"Meat, pig",5320,Producing Animals/Slaughtered,2017,Head,1111859
27,Bulgaria,977,"Meat, sheep",5320,Producing Animals/Slaughtered,2017,Head,856876
233,Burkina Faso,867,"Meat, cattle",5320,Producing Animals/Slaughtered,2017,Head,1172147
233,Burkina Faso,1058,"Meat, chicken",5321,Producing Animals/Slaughtered,2017,Head,53714000
233,Burkina Faso,1017,"Meat, goat",5320,Producing Animals/Slaughtered,2017,Head,4483333
233,Burkina Faso,1035,"Meat, pig",5320,Producing Animals/Slaughtered,2017,Head,1332860
233,Burkina Faso,977,"Meat, sheep",5320,Producing Animals/Slaughtered,2017,Head,2403167
29,Burundi,867,"Meat, cattle",5320,Producing Animals/Slaughtered,2017,Head,74627
29,Burundi,1058,"Meat, chicken",5321,Producing Animals/Slaughtered,2017,Head,7000000
29,Burundi,1017,"Meat, goat",5320,Producing Animals/Slaughtered,2017,Head,606340
29,Burundi,1035,"Meat, pig",5320,Producing Animals/Slaughtered,2017,Head,120000
29,Burundi,977,"Meat, sheep",5320,Producing Animals/Slaughtered,2017,Head,90000
35,Cabo Verde,867,"Meat, cattle",5320,Producing Animals/Slaughtered,2017,Head,4440
35,Cabo Verde,1058,"Meat, chicken",5321,Producing Animals/Slaughtered,2017,Head,710000
35,Cabo Verde,1017,"Meat, goat",5320,Producing Animals/Slaughtered,2017,Head,32289
35,Cabo Verde,1035,"Meat, pig",5320,Producing Animals/Slaughtered,2017,Head,46834
35,Cabo Verde,977,"Meat, sheep",5320,Producing Animals/Slaughtered,2017,Head,3788
115,Cambodia,867,"Meat, cattle",5320,Producing Animals/Slaughtered,2017,Head,464906
115,Cambodia,1058,"Meat, chicken",5321,Producing Animals/Slaughtered,2017,Head,17376000
115,Cambodia,1035,"Meat, pig",5320,Producing Animals/Slaughtered,2017,Head,2161087
32,Cameroon,867,"Meat, cattle",5320,Producing Animals/Slaughtered,2017,Head,818191
32,Cameroon,1058,"Meat, chicken",5321,Producing Animals/Slaughtered,2017,Head,97067000
32,Cameroon,1017,"Meat, goat",5320,Producing Animals/Slaughtered,2017,Head,1859975
32,Cameroon,1035,"Meat, pig",5320,Producing Animals/Slaughtered,2017,Head,1048156
32,Cameroon,977,"Meat, sheep",5320,Producing Animals/Slaughtered,2017,Head,1436148
33,Canada,867,"Meat, cattle",5320,Producing Animals/Slaughtered,2017,Head,3294800
33,Canada,1058,"Meat, chicken",5321,Producing Animals/Slaughtered,2017,Head,738284000
33,Canada,1035,"Meat, pig",5320,Producing Animals/Slaughtered,2017,Head,21757200
33,Canada,977,"Meat, sheep",5320,Producing Animals/Slaughtered,2017,Head,711500
37,Central African Republic,867,"Meat, cattle",5320,Producing Animals/Slaughtered,2017,Head,605810
37,Central African Republic,1058,"Meat, chicken",5321,Producing Animals/Slaughtered,2017,Head,7066000
37,Central African Republic,1017,"Meat, goat",5320,Producing Animals/Slaughtered,2017,Head,1172069
37,Central African Republic,1035,"Meat, pig",5320,Producing Animals/Slaughtered,2017,Head,584369
37,Central African Republic,977,"Meat, sheep",5320,Producing Animals/Slaughtered,2017,Head,156847
39,Chad,867,"Meat, cattle",5320,Producing Animals/Slaughtered,2017,Head,3503900
39,Chad,1058,"Meat, chicken",5321,Producing Animals/Slaughtered,2017,Head,8114000
39,Chad,1017,"Meat, goat",5320,Producing Animals/Slaughtered,2017,Head,9451013
39,Chad,1035,"Meat, pig",5320,Producing Animals/Slaughtered,2017,Head,83000
39,Chad,977,"Meat, sheep",5320,Producing Animals/Slaughtered,2017,Head,8455893
40,Chile,867,"Meat, cattle",5320,Producing Animals/Slaughtered,2017,Head,777542
40,Chile,1058,"Meat, chicken",5321,Producing Animals/Slaughtered,2017,Head,285452000
40,Chile,1017,"Meat, goat",5320,Producing Animals/Slaughtered,2017,Head,312421
40,Chile,1035,"Meat, pig",5320,Producing Animals/Slaughtered,2017,Head,4874091
40,Chile,977,"Meat, sheep",5320,Producing Animals/Slaughtered,2017,Head,602333
351,China,867,"Meat, cattle",5320,Producing Animals/Slaughtered,2017,Head,39119613
351,China,1058,"Meat, chicken",5321,Producing Animals/Slaughtered,2017,Head,10297646000
351,China,1017,"Meat, goat",5320,Producing Animals/Slaughtered,2017,Head,147047417
351,China,1035,"Meat, pig",5320,Producing Animals/Slaughtered,2017,Head,711541952
351,China,977,"Meat, sheep",5320,Producing Animals/Slaughtered,2017,Head,161007812
96,"China, Hong Kong SAR",867,"Meat, cattle",5320,Producing Animals/Slaughtered,2017,Head,22100
96,"China, Hong Kong SAR",1058,"Meat, chicken",5321,Producing Animals/Slaughtered,2017,Head,15500000
96,"China, Hong Kong SAR",1017,"Meat, goat",5320,Producing Animals/Slaughtered,2017,Head,8397
96,"China, Hong Kong SAR",1035,"Meat, pig",5320,Producing Animals/Slaughtered,2017,Head,1500000
96,"China, Hong Kong SAR",977,"Meat, sheep",5320,Producing Animals/Slaughtered,2017,Head,13
128,"China, Macao SAR",867,"Meat, cattle",5320,Producing Animals/Slaughtered,2017,Head,2173
128,"China, Macao SAR",1058,"Meat, chicken",5321,Producing Animals/Slaughtered,2017,Head,3849000
128,"China, Macao SAR",1017,"Meat, goat",5320,Producing Animals/Slaughtered,2017,Head,2838
128,"China, Macao SAR",1035,"Meat, pig",5320,Producing Animals/Slaughtered,2017,Head,73847
41,"China, mainland",867,"Meat, cattle",5320,Producing Animals/Slaughtered,2017,Head,39062340
41,"China, mainland",1058,"Meat, chicken",5321,Producing Animals/Slaughtered,2017,Head,9943083000
41,"China, mainland",1017,"Meat, goat",5320,Producing Animals/Slaughtered,2017,Head,146969175
41,"China, mainland",1035,"Meat, pig",5320,Producing Animals/Slaughtered,2017,Head,702020830
41,"China, mainland",977,"Meat, sheep",5320,Producing Animals/Slaughtered,2017,Head,161007799
214,"China, Taiwan Province of",867,"Meat, cattle",5320,Producing Animals/Slaughtered,2017,Head,33000
214,"China, Taiwan Province of",1058,"Meat, chicken",5321,Producing Animals/Slaughtered,2017,Head,335214000
214,"China, Taiwan Province of",1017,"Meat, goat",5320,Producing Animals/Slaughtered,2017,Head,67007
214,"China, Taiwan Province of",1035,"Meat, pig",5320,Producing Animals/Slaughtered,2017,Head,7947275
44,Colombia,867,"Meat, cattle",5320,Producing Animals/Slaughtered,2017,Head,3407513
44,Colombia,1058,"Meat, chicken",5321,Producing Animals/Slaughtered,2017,Head,782000000
44,Colombia,1017,"Meat, goat",5320,Producing Animals/Slaughtered,2017,Head,34900
44,Colombia,1035,"Meat, pig",5320,Producing Animals/Slaughtered,2017,Head,4133496
44,Colombia,977,"Meat, sheep",5320,Producing Animals/Slaughtered,2017,Head,47629
45,Comoros,867,"Meat, cattle",5320,Producing Animals/Slaughtered,2017,Head,11055
45,Comoros,1058,"Meat, chicken",5321,Producing Animals/Slaughtered,2017,Head,726000
45,Comoros,1017,"Meat, goat",5320,Producing Animals/Slaughtered,2017,Head,37880
45,Comoros,977,"Meat, sheep",5320,Producing Animals/Slaughtered,2017,Head,6348
46,Congo,867,"Meat, cattle",5320,Producing Animals/Slaughtered,2017,Head,38017
46,Congo,1058,"Meat, chicken",5321,Producing Animals/Slaughtered,2017,Head,6760000
46,Congo,1017,"Meat, goat",5320,Producing Animals/Slaughtered,2017,Head,99999
46,Congo,1035,"Meat, pig",5320,Producing Animals/Slaughtered,2017,Head,37397
46,Congo,977,"Meat, sheep",5320,Producing Animals/Slaughtered,2017,Head,43670
47,Cook Islands,867,"Meat, cattle",5320,Producing Animals/Slaughtered,2017,Head,27
47,Cook Islands,1058,"Meat, chicken",5321,Producing Animals/Slaughtered,2017,Head,24000
47,Cook Islands,1017,"Meat, goat",5320,Producing Animals/Slaughtered,2017,Head,127
47,Cook Islands,1035,"Meat, pig",5320,Producing Animals/Slaughtered,2017,Head,17165
48,Costa Rica,867,"Meat, cattle",5320,Producing Animals/Slaughtered,2017,Head,339106
48,Costa Rica,1058,"Meat, chicken",5321,Producing Animals/Slaughtered,2017,Head,70933000
48,Costa Rica,1017,"Meat, goat",5320,Producing Animals/Slaughtered,2017,Head,1648
48,Costa Rica,1035,"Meat, pig",5320,Producing Animals/Slaughtered,2017,Head,825031
48,Costa Rica,977,"Meat, sheep",5320,Producing Animals/Slaughtered,2017,Head,965
107,C?te d'Ivoire,867,"Meat, cattle",5320,Producing Animals/Slaughtered,2017,Head,230266
107,C?te d'Ivoire,1058,"Meat, chicken",5321,Producing Animals/Slaughtered,2017,Head,55043000
107,C?te d'Ivoire,1017,"Meat, goat",5320,Producing Animals/Slaughtered,2017,Head,634594
107,C?te d'Ivoire,1035,"Meat, pig",5320,Producing Animals/Slaughtered,2017,Head,253291
107,C?te d'Ivoire,977,"Meat, sheep",5320,Producing Animals/Slaughtered,2017,Head,577735
98,Croatia,867,"Meat, cattle",5320,Producing Animals/Slaughtered,2017,Head,182462
98,Croatia,1058,"Meat, chicken",5321,Producing Animals/Slaughtered,2017,Head,46326000
98,Croatia,1017,"Meat, goat",5320,Producing Animals/Slaughtered,2017,Head,51799
98,Croatia,1035,"Meat, pig",5320,Producing Animals/Slaughtered,2017,Head,1466887
98,Croatia,977,"Meat, sheep",5320,Producing Animals/Slaughtered,2017,Head,404953
49,Cuba,867,"Meat, cattle",5320,Producing Animals/Slaughtered,2017,Head,507500
49,Cuba,1058,"Meat, chicken",5321,Producing Animals/Slaughtered,2017,Head,19257000
49,Cuba,1017,"Meat, goat",5320,Producing Animals/Slaughtered,2017,Head,236252
49,Cuba,1035,"Meat, pig",5320,Producing Animals/Slaughtered,2017,Head,3995200
49,Cuba,977,"Meat, sheep",5320,Producing Animals/Slaughtered,2017,Head,607748
50,Cyprus,867,"Meat, cattle",5320,Producing Animals/Slaughtered,2017,Head,16578
50,Cyprus,1058,"Meat, chicken",5321,Producing Animals/Slaughtered,2017,Head,12550000
50,Cyprus,1017,"Meat, goat",5320,Producing Animals/Slaughtered,2017,Head,98832
50,Cyprus,1035,"Meat, pig",5320,Producing Animals/Slaughtered,2017,Head,574158
50,Cyprus,977,"Meat, sheep",5320,Producing Animals/Slaughtered,2017,Head,155125
167,Czechia,867,"Meat, cattle",5320,Producing Animals/Slaughtered,2017,Head,230772
167,Czechia,1058,"Meat, chicken",5321,Producing Animals/Slaughtered,2017,Head,115645000
167,Czechia,1017,"Meat, goat",5320,Producing Animals/Slaughtered,2017,Head,30548
167,Czechia,1035,"Meat, pig",5320,Producing Animals/Slaughtered,2017,Head,2444790
167,Czechia,977,"Meat, sheep",5320,Producing Animals/Slaughtered,2017,Head,162276
116,Democratic People's Republic of Korea,867,"Meat, cattle",5320,Producing Animals/Slaughtered,2017,Head,138662
116,Democratic People's Republic of Korea,1058,"Meat, chicken",5321,Producing Animals/Slaughtered,2017,Head,27133000
116,Democratic People's Republic of Korea,1017,"Meat, goat",5320,Producing Animals/Slaughtered,2017,Head,928316
116,Democratic People's Republic of Korea,1035,"Meat, pig",5320,Producing Animals/Slaughtered,2017,Head,2511511
116,Democratic People's Republic of Korea,977,"Meat, sheep",5320,Producing Animals/Slaughtered,2017,Head,67184
250,Democratic Republic of the Congo,867,"Meat, cattle",5320,Producing Animals/Slaughtered,2017,Head,97289
250,Democratic Republic of the Congo,1058,"Meat, chicken",5321,Producing Animals/Slaughtered,2017,Head,16372000
250,Democratic Republic of the Congo,1017,"Meat, goat",5320,Producing Animals/Slaughtered,2017,Head,1599415
250,Democratic Republic of the Congo,1035,"Meat, pig",5320,Producing Animals/Slaughtered,2017,Head,573589
250,Democratic Republic of the Congo,977,"Meat, sheep",5320,Producing Animals/Slaughtered,2017,Head,282132
54,Denmark,867,"Meat, cattle",5320,Producing Animals/Slaughtered,2017,Head,471785
54,Denmark,1058,"Meat, chicken",5321,Producing Animals/Slaughtered,2017,Head,101371000
54,Denmark,1035,"Meat, pig",5320,Producing Animals/Slaughtered,2017,Head,17465583
54,Denmark,977,"Meat, sheep",5320,Producing Animals/Slaughtered,2017,Head,76519
72,Djibouti,867,"Meat, cattle",5320,Producing Animals/Slaughtered,2017,Head,54459
72,Djibouti,1017,"Meat, goat",5320,Producing Animals/Slaughtered,2017,Head,184112
72,Djibouti,977,"Meat, sheep",5320,Producing Animals/Slaughtered,2017,Head,213692
55,Dominica,867,"Meat, cattle",5320,Producing Animals/Slaughtered,2017,Head,3078
55,Dominica,1058,"Meat, chicken",5321,Producing Animals/Slaughtered,2017,Head,363000
55,Dominica,1017,"Meat, goat",5320,Producing Animals/Slaughtered,2017,Head,3423
55,Dominica,1035,"Meat, pig",5320,Producing Animals/Slaughtered,2017,Head,7095
55,Dominica,977,"Meat, sheep",5320,Producing Animals/Slaughtered,2017,Head,1774
56,Dominican Republic,867,"Meat, cattle",5320,Producing Animals/Slaughtered,2017,Head,450000
56,Dominican Republic,1058,"Meat, chicken",5321,Producing Animals/Slaughtered,2017,Head,207667000
56,Dominican Republic,1017,"Meat, goat",5320,Producing Animals/Slaughtered,2017,Head,79694
56,Dominican Republic,1035,"Meat, pig",5320,Producing Animals/Slaughtered,2017,Head,1344750
56,Dominican Republic,977,"Meat, sheep",5320,Producing Animals/Slaughtered,2017,Head,74000
58,Ecuador,867,"Meat, cattle",5320,Producing Animals/Slaughtered,2017,Head,1042498
58,Ecuador,1058,"Meat, chicken",5321,Producing Animals/Slaughtered,2017,Head,159000000
58,Ecuador,1017,"Meat, goat",5320,Producing Animals/Slaughtered,2017,Head,13714
58,Ecuador,1035,"Meat, pig",5320,Producing Animals/Slaughtered,2017,Head,2107983
58,Ecuador,977,"Meat, sheep",5320,Producing Animals/Slaughtered,2017,Head,323812
59,Egypt,867,"Meat, cattle",5320,Producing Animals/Slaughtered,2017,Head,1585427
59,Egypt,1058,"Meat, chicken",5321,Producing Animals/Slaughtered,2017,Head,882320000
59,Egypt,1017,"Meat, goat",5320,Producing Animals/Slaughtered,2017,Head,1529000
59,Egypt,1035,"Meat, pig",5320,Producing Animals/Slaughtered,2017,Head,19000
59,Egypt,977,"Meat, sheep",5320,Producing Animals/Slaughtered,2017,Head,1833000
60,El Salvador,867,"Meat, cattle",5320,Producing Animals/Slaughtered,2017,Head,110695
60,El Salvador,1058,"Meat, chicken",5321,Producing Animals/Slaughtered,2017,Head,113150000
60,El Salvador,1017,"Meat, goat",5320,Producing Animals/Slaughtered,2017,Head,5845
60,El Salvador,1035,"Meat, pig",5320,Producing Animals/Slaughtered,2017,Head,141264
60,El Salvador,977,"Meat, sheep",5320,Producing Animals/Slaughtered,2017,Head,2388
61,Equatorial Guinea,867,"Meat, cattle",5320,Producing Animals/Slaughtered,2017,Head,426
61,Equatorial Guinea,1058,"Meat, chicken",5321,Producing Animals/Slaughtered,2017,Head,317000
61,Equatorial Guinea,1017,"Meat, goat",5320,Producing Animals/Slaughtered,2017,Head,4356
61,Equatorial Guinea,1035,"Meat, pig",5320,Producing Animals/Slaughtered,2017,Head,3708
61,Equatorial Guinea,977,"Meat, sheep",5320,Producing Animals/Slaughtered,2017,Head,9433
178,Eritrea,867,"Meat, cattle",5320,Producing Animals/Slaughtered,2017,Head,234754
178,Eritrea,1058,"Meat, chicken",5321,Producing Animals/Slaughtered,2017,Head,1818000
178,Eritrea,1017,"Meat, goat",5320,Producing Animals/Slaughtered,2017,Head,713612
178,Eritrea,977,"Meat, sheep",5320,Producing Animals/Slaughtered,2017,Head,672450
63,Estonia,867,"Meat, cattle",5320,Producing Animals/Slaughtered,2017,Head,40271
63,Estonia,1058,"Meat, chicken",5321,Producing Animals/Slaughtered,2017,Head,11763000
63,Estonia,1017,"Meat, goat",5320,Producing Animals/Slaughtered,2017,Head,1228
63,Estonia,1035,"Meat, pig",5320,Producing Animals/Slaughtered,2017,Head,519805
63,Estonia,977,"Meat, sheep",5320,Producing Animals/Slaughtered,2017,Head,21026
209,Eswatini,867,"Meat, cattle",5320,Producing Animals/Slaughtered,2017,Head,71259
209,Eswatini,1058,"Meat, chicken",5321,Producing Animals/Slaughtered,2017,Head,6159000
209,Eswatini,1017,"Meat, goat",5320,Producing Animals/Slaughtered,2017,Head,96198
209,Eswatini,1035,"Meat, pig",5320,Producing Animals/Slaughtered,2017,Head,27382
209,Eswatini,977,"Meat, sheep",5320,Producing Animals/Slaughtered,2017,Head,31203
238,Ethiopia,867,"Meat, cattle",5320,Producing Animals/Slaughtered,2017,Head,3579773
238,Ethiopia,1058,"Meat, chicken",5321,Producing Animals/Slaughtered,2017,Head,84373000
238,Ethiopia,1017,"Meat, goat",5320,Producing Animals/Slaughtered,2017,Head,10924592
238,Ethiopia,1035,"Meat, pig",5320,Producing Animals/Slaughtered,2017,Head,39711
238,Ethiopia,977,"Meat, sheep",5320,Producing Animals/Slaughtered,2017,Head,10034838
64,Faroe Islands,867,"Meat, cattle",5320,Producing Animals/Slaughtered,2017,Head,786
64,Faroe Islands,977,"Meat, sheep",5320,Producing Animals/Slaughtered,2017,Head,49995
66,Fiji,867,"Meat, cattle",5320,Producing Animals/Slaughtered,2017,Head,18531
66,Fiji,1058,"Meat, chicken",5321,Producing Animals/Slaughtered,2017,Head,11755000
66,Fiji,1017,"Meat, goat",5320,Producing Animals/Slaughtered,2017,Head,20905
66,Fiji,1035,"Meat, pig",5320,Producing Animals/Slaughtered,2017,Head,91308
66,Fiji,977,"Meat, sheep",5320,Producing Animals/Slaughtered,2017,Head,4394
67,Finland,867,"Meat, cattle",5320,Producing Animals/Slaughtered,2017,Head,278200
67,Finland,1058,"Meat, chicken",5321,Producing Animals/Slaughtered,2017,Head,71302000
67,Finland,1035,"Meat, pig",5320,Producing Animals/Slaughtered,2017,Head,1985340
67,Finland,977,"Meat, sheep",5320,Producing Animals/Slaughtered,2017,Head,66970
68,France,867,"Meat, cattle",5320,Producing Animals/Slaughtered,2017,Head,4662352
68,France,1058,"Meat, chicken",5321,Producing Animals/Slaughtered,2017,Head,846270000
68,France,1017,"Meat, goat",5320,Producing Animals/Slaughtered,2017,Head,1075905
68,France,1035,"Meat, pig",5320,Producing Animals/Slaughtered,2017,Head,23453731
68,France,977,"Meat, sheep",5320,Producing Animals/Slaughtered,2017,Head,5462227
70,French Polynesia,867,"Meat, cattle",5320,Producing Animals/Slaughtered,2017,Head,802
70,French Polynesia,1058,"Meat, chicken",5321,Producing Animals/Slaughtered,2017,Head,706000
70,French Polynesia,1017,"Meat, goat",5320,Producing Animals/Slaughtered,2017,Head,4814
70,French Polynesia,1035,"Meat, pig",5320,Producing Animals/Slaughtered,2017,Head,26565
70,French Polynesia,977,"Meat, sheep",5320,Producing Animals/Slaughtered,2017,Head,202
74,Gabon,867,"Meat, cattle",5320,Producing Animals/Slaughtered,2017,Head,8417
74,Gabon,1058,"Meat, chicken",5321,Producing Animals/Slaughtered,2017,Head,4921000
74,Gabon,1017,"Meat, goat",5320,Producing Animals/Slaughtered,2017,Head,33002
74,Gabon,1035,"Meat, pig",5320,Producing Animals/Slaughtered,2017,Head,118551
74,Gabon,977,"Meat, sheep",5320,Producing Animals/Slaughtered,2017,Head,66967
75,Gambia,867,"Meat, cattle",5320,Producing Animals/Slaughtered,2017,Head,34802
75,Gambia,1058,"Meat, chicken",5321,Producing Animals/Slaughtered,2017,Head,1550000
75,Gambia,1017,"Meat, goat",5320,Producing Animals/Slaughtered,2017,Head,85085
75,Gambia,1035,"Meat, pig",5320,Producing Animals/Slaughtered,2017,Head,12500
75,Gambia,977,"Meat, sheep",5320,Producing Animals/Slaughtered,2017,Head,29000
73,Georgia,867,"Meat, cattle",5320,Producing Animals/Slaughtered,2017,Head,297200
73,Georgia,1058,"Meat, chicken",5321,Producing Animals/Slaughtered,2017,Head,13155000
73,Georgia,1017,"Meat, goat",5320,Producing Animals/Slaughtered,2017,Head,1382
73,Georgia,1035,"Meat, pig",5320,Producing Animals/Slaughtered,2017,Head,443000
73,Georgia,977,"Meat, sheep",5320,Producing Animals/Slaughtered,2017,Head,201000
79,Germany,867,"Meat, cattle",5320,Producing Animals/Slaughtered,2017,Head,3549432
79,Germany,1058,"Meat, chicken",5321,Producing Animals/Slaughtered,2017,Head,631000000
79,Germany,1017,"Meat, goat",5320,Producing Animals/Slaughtered,2017,Head,23258
79,Germany,1035,"Meat, pig",5320,Producing Animals/Slaughtered,2017,Head,58408370
79,Germany,977,"Meat, sheep",5320,Producing Animals/Slaughtered,2017,Head,1070270
81,Ghana,867,"Meat, cattle",5320,Producing Animals/Slaughtered,2017,Head,145074
81,Ghana,1058,"Meat, chicken",5321,Producing Animals/Slaughtered,2017,Head,81874000
81,Ghana,1017,"Meat, goat",5320,Producing Animals/Slaughtered,2017,Head,1816312
81,Ghana,1035,"Meat, pig",5320,Producing Animals/Slaughtered,2017,Head,621316
81,Ghana,977,"Meat, sheep",5320,Producing Animals/Slaughtered,2017,Head,1284624
84,Greece,867,"Meat, cattle",5320,Producing Animals/Slaughtered,2017,Head,184234
84,Greece,1058,"Meat, chicken",5321,Producing Animals/Slaughtered,2017,Head,145178000
84,Greece,1017,"Meat, goat",5320,Producing Animals/Slaughtered,2017,Head,2059433
84,Greece,1035,"Meat, pig",5320,Producing Animals/Slaughtered,2017,Head,1323843
84,Greece,977,"Meat, sheep",5320,Producing Animals/Slaughtered,2017,Head,4914039
86,Grenada,867,"Meat, cattle",5320,Producing Animals/Slaughtered,2017,Head,870
86,Grenada,1058,"Meat, chicken",5321,Producing Animals/Slaughtered,2017,Head,550000
86,Grenada,1017,"Meat, goat",5320,Producing Animals/Slaughtered,2017,Head,2219
86,Grenada,1035,"Meat, pig",5320,Producing Animals/Slaughtered,2017,Head,3585
86,Grenada,977,"Meat, sheep",5320,Producing Animals/Slaughtered,2017,Head,4542
89,Guatemala,867,"Meat, cattle",5320,Producing Animals/Slaughtered,2017,Head,1026700
89,Guatemala,1058,"Meat, chicken",5321,Producing Animals/Slaughtered,2017,Head,137974000
89,Guatemala,1017,"Meat, goat",5320,Producing Animals/Slaughtered,2017,Head,15723
89,Guatemala,1035,"Meat, pig",5320,Producing Animals/Slaughtered,2017,Head,1246148
89,Guatemala,977,"Meat, sheep",5320,Producing Animals/Slaughtered,2017,Head,135115
90,Guinea,867,"Meat, cattle",5320,Producing Animals/Slaughtered,2017,Head,677905
90,Guinea,1058,"Meat, chicken",5321,Producing Animals/Slaughtered,2017,Head,8176000
90,Guinea,1017,"Meat, goat",5320,Producing Animals/Slaughtered,2017,Head,984356
90,Guinea,1035,"Meat, pig",5320,Producing Animals/Slaughtered,2017,Head,74928
90,Guinea,977,"Meat, sheep",5320,Producing Animals/Slaughtered,2017,Head,536329
175,Guinea-Bissau,867,"Meat, cattle",5320,Producing Animals/Slaughtered,2017,Head,63055
175,Guinea-Bissau,1058,"Meat, chicken",5321,Producing Animals/Slaughtered,2017,Head,3370000
175,Guinea-Bissau,1017,"Meat, goat",5320,Producing Animals/Slaughtered,2017,Head,127911
175,Guinea-Bissau,1035,"Meat, pig",5320,Producing Animals/Slaughtered,2017,Head,364517
175,Guinea-Bissau,977,"Meat, sheep",5320,Producing Animals/Slaughtered,2017,Head,125009
91,Guyana,867,"Meat, cattle",5320,Producing Animals/Slaughtered,2017,Head,10936
91,Guyana,1058,"Meat, chicken",5321,Producing Animals/Slaughtered,2017,Head,30175000
91,Guyana,1017,"Meat, goat",5320,Producing Animals/Slaughtered,2017,Head,27187
91,Guyana,1035,"Meat, pig",5320,Producing Animals/Slaughtered,2017,Head,7342
91,Guyana,977,"Meat, sheep",5320,Producing Animals/Slaughtered,2017,Head,55593
93,Haiti,867,"Meat, cattle",5320,Producing Animals/Slaughtered,2017,Head,303780
93,Haiti,1058,"Meat, chicken",5321,Producing Animals/Slaughtered,2017,Head,9555000
93,Haiti,1017,"Meat, goat",5320,Producing Animals/Slaughtered,2017,Head,380028
93,Haiti,1035,"Meat, pig",5320,Producing Animals/Slaughtered,2017,Head,536502
93,Haiti,977,"Meat, sheep",5320,Producing Animals/Slaughtered,2017,Head,77443
95,Honduras,867,"Meat, cattle",5320,Producing Animals/Slaughtered,2017,Head,351300
95,Honduras,1058,"Meat, chicken",5321,Producing Animals/Slaughtered,2017,Head,104802000
95,Honduras,1017,"Meat, goat",5320,Producing Animals/Slaughtered,2017,Head,10261
95,Honduras,1035,"Meat, pig",5320,Producing Animals/Slaughtered,2017,Head,160760
95,Honduras,977,"Meat, sheep",5320,Producing Animals/Slaughtered,2017,Head,6663
97,Hungary,867,"Meat, cattle",5320,Producing Animals/Slaughtered,2017,Head,110609
97,Hungary,1058,"Meat, chicken",5321,Producing Animals/Slaughtered,2017,Head,174000000
97,Hungary,1017,"Meat, goat",5320,Producing Animals/Slaughtered,2017,Head,18737
97,Hungary,1035,"Meat, pig",5320,Producing Animals/Slaughtered,2017,Head,5050984
97,Hungary,977,"Meat, sheep",5320,Producing Animals/Slaughtered,2017,Head,89027
99,Iceland,867,"Meat, cattle",5320,Producing Animals/Slaughtered,2017,Head,22841
99,Iceland,1058,"Meat, chicken",5321,Producing Animals/Slaughtered,2017,Head,5858000
99,Iceland,1035,"Meat, pig",5320,Producing Animals/Slaughtered,2017,Head,75992
99,Iceland,977,"Meat, sheep",5320,Producing Animals/Slaughtered,2017,Head,615762
100,India,867,"Meat, cattle",5320,Producing Animals/Slaughtered,2017,Head,8853140
100,India,1058,"Meat, chicken",5321,Producing Animals/Slaughtered,2017,Head,2508700000
100,India,1017,"Meat, goat",5320,Producing Animals/Slaughtered,2017,Head,53095804
100,India,1035,"Meat, pig",5320,Producing Animals/Slaughtered,2017,Head,10903060
100,India,977,"Meat, sheep",5320,Producing Animals/Slaughtered,2017,Head,21766257
101,Indonesia,867,"Meat, cattle",5320,Producing Animals/Slaughtered,2017,Head,2169703
101,Indonesia,1058,"Meat, chicken",5321,Producing Animals/Slaughtered,2017,Head,4558237000
101,Indonesia,1017,"Meat, goat",5320,Producing Animals/Slaughtered,2017,Head,7251026
101,Indonesia,1035,"Meat, pig",5320,Producing Animals/Slaughtered,2017,Head,15986233
101,Indonesia,977,"Meat, sheep",5320,Producing Animals/Slaughtered,2017,Head,5512457
102,Iran (Islamic Republic of),867,"Meat, cattle",5320,Producing Animals/Slaughtered,2017,Head,1134123
102,Iran (Islamic Republic of),1058,"Meat, chicken",5321,Producing Animals/Slaughtered,2017,Head,1700064000
102,Iran (Islamic Republic of),1017,"Meat, goat",5320,Producing Animals/Slaughtered,2017,Head,2223110
102,Iran (Islamic Republic of),977,"Meat, sheep",5320,Producing Animals/Slaughtered,2017,Head,8609118
103,Iraq,867,"Meat, cattle",5320,Producing Animals/Slaughtered,2017,Head,147706
103,Iraq,1058,"Meat, chicken",5321,Producing Animals/Slaughtered,2017,Head,77917000
103,Iraq,1017,"Meat, goat",5320,Producing Animals/Slaughtered,2017,Head,570533
103,Iraq,977,"Meat, sheep",5320,Producing Animals/Slaughtered,2017,Head,1851916
104,Ireland,867,"Meat, cattle",5320,Producing Animals/Slaughtered,2017,Head,1851600
104,Ireland,1058,"Meat, chicken",5321,Producing Animals/Slaughtered,2017,Head,86116000
104,Ireland,1035,"Meat, pig",5320,Producing Animals/Slaughtered,2017,Head,3355100
104,Ireland,977,"Meat, sheep",5320,Producing Animals/Slaughtered,2017,Head,3183200
105,Israel,867,"Meat, cattle",5320,Producing Animals/Slaughtered,2017,Head,408967
105,Israel,1058,"Meat, chicken",5321,Producing Animals/Slaughtered,2017,Head,473522000
105,Israel,1017,"Meat, goat",5320,Producing Animals/Slaughtered,2017,Head,262337
105,Israel,1035,"Meat, pig",5320,Producing Animals/Slaughtered,2017,Head,189709
105,Israel,977,"Meat, sheep",5320,Producing Animals/Slaughtered,2017,Head,434485
106,Italy,867,"Meat, cattle",5320,Producing Animals/Slaughtered,2017,Head,2561312
106,Italy,1058,"Meat, chicken",5321,Producing Animals/Slaughtered,2017,Head,549262000
106,Italy,1017,"Meat, goat",5320,Producing Animals/Slaughtered,2017,Head,131654
106,Italy,1035,"Meat, pig",5320,Producing Animals/Slaughtered,2017,Head,11380546
106,Italy,977,"Meat, sheep",5320,Producing Animals/Slaughtered,2017,Head,2852682
109,Jamaica,867,"Meat, cattle",5320,Producing Animals/Slaughtered,2017,Head,25320
109,Jamaica,1058,"Meat, chicken",5321,Producing Animals/Slaughtered,2017,Head,77836000
109,Jamaica,1017,"Meat, goat",5320,Producing Animals/Slaughtered,2017,Head,59671
109,Jamaica,1035,"Meat, pig",5320,Producing Animals/Slaughtered,2017,Head,123810
109,Jamaica,977,"Meat, sheep",5320,Producing Animals/Slaughtered,2017,Head,342
110,Japan,867,"Meat, cattle",5320,Producing Animals/Slaughtered,2017,Head,1045191
110,Japan,1058,"Meat, chicken",5321,Producing Animals/Slaughtered,2017,Head,772480000
110,Japan,1017,"Meat, goat",5320,Producing Animals/Slaughtered,2017,Head,2713
110,Japan,1035,"Meat, pig",5320,Producing Animals/Slaughtered,2017,Head,16336984
110,Japan,977,"Meat, sheep",5320,Producing Animals/Slaughtered,2017,Head,6008
112,Jordan,867,"Meat, cattle",5320,Producing Animals/Slaughtered,2017,Head,116000
112,Jordan,1058,"Meat, chicken",5321,Producing Animals/Slaughtered,2017,Head,219664000
112,Jordan,1017,"Meat, goat",5320,Producing Animals/Slaughtered,2017,Head,435030
112,Jordan,977,"Meat, sheep",5320,Producing Animals/Slaughtered,2017,Head,2009811
108,Kazakhstan,867,"Meat, cattle",5320,Producing Animals/Slaughtered,2017,Head,2578290
108,Kazakhstan,1058,"Meat, chicken",5321,Producing Animals/Slaughtered,2017,Head,98083000
108,Kazakhstan,1017,"Meat, goat",5320,Producing Animals/Slaughtered,2017,Head,1130388
108,Kazakhstan,1035,"Meat, pig",5320,Producing Animals/Slaughtered,2017,Head,1231324
108,Kazakhstan,977,"Meat, sheep",5320,Producing Animals/Slaughtered,2017,Head,7662059
114,Kenya,867,"Meat, cattle",5320,Producing Animals/Slaughtered,2017,Head,2590000
114,Kenya,1058,"Meat, chicken",5321,Producing Animals/Slaughtered,2017,Head,35491000
114,Kenya,1017,"Meat, goat",5320,Producing Animals/Slaughtered,2017,Head,5250188
114,Kenya,1035,"Meat, pig",5320,Producing Animals/Slaughtered,2017,Head,360100
114,Kenya,977,"Meat, sheep",5320,Producing Animals/Slaughtered,2017,Head,2961000
83,Kiribati,1058,"Meat, chicken",5321,Producing Animals/Slaughtered,2017,Head,1002000
83,Kiribati,1035,"Meat, pig",5320,Producing Animals/Slaughtered,2017,Head,24925
118,Kuwait,867,"Meat, cattle",5320,Producing Animals/Slaughtered,2017,Head,7200
118,Kuwait,1058,"Meat, chicken",5321,Producing Animals/Slaughtered,2017,Head,43597000
118,Kuwait,1017,"Meat, goat",5320,Producing Animals/Slaughtered,2017,Head,37771
118,Kuwait,977,"Meat, sheep",5320,Producing Animals/Slaughtered,2017,Head,2959504
113,Kyrgyzstan,867,"Meat, cattle",5320,Producing Animals/Slaughtered,2017,Head,568480
113,Kyrgyzstan,1058,"Meat, chicken",5321,Producing Animals/Slaughtered,2017,Head,5179000
113,Kyrgyzstan,1017,"Meat, goat",5320,Producing Animals/Slaughtered,2017,Head,386693
113,Kyrgyzstan,1035,"Meat, pig",5320,Producing Animals/Slaughtered,2017,Head,268036
113,Kyrgyzstan,977,"Meat, sheep",5320,Producing Animals/Slaughtered,2017,Head,2079208
120,Lao People's Democratic Republic,867,"Meat, cattle",5320,Producing Animals/Slaughtered,2017,Head,266047
120,Lao People's Democratic Republic,1058,"Meat, chicken",5321,Producing Animals/Slaughtered,2017,Head,35157000
120,Lao People's Democratic Republic,1017,"Meat, goat",5320,Producing Animals/Slaughtered,2017,Head,164618
120,Lao People's Democratic Republic,1035,"Meat, pig",5320,Producing Animals/Slaughtered,2017,Head,3145068
119,Latvia,867,"Meat, cattle",5320,Producing Animals/Slaughtered,2017,Head,94478
119,Latvia,1058,"Meat, chicken",5321,Producing Animals/Slaughtered,2017,Head,19144000
119,Latvia,1017,"Meat, goat",5320,Producing Animals/Slaughtered,2017,Head,3988
119,Latvia,1035,"Meat, pig",5320,Producing Animals/Slaughtered,2017,Head,465945
119,Latvia,977,"Meat, sheep",5320,Producing Animals/Slaughtered,2017,Head,50506
121,Lebanon,867,"Meat, cattle",5320,Producing Animals/Slaughtered,2017,Head,218970
121,Lebanon,1058,"Meat, chicken",5321,Producing Animals/Slaughtered,2017,Head,65568000
121,Lebanon,1017,"Meat, goat",5320,Producing Animals/Slaughtered,2017,Head,144242
121,Lebanon,1035,"Meat, pig",5320,Producing Animals/Slaughtered,2017,Head,14123
121,Lebanon,977,"Meat, sheep",5320,Producing Animals/Slaughtered,2017,Head,158234
122,Lesotho,867,"Meat, cattle",5320,Producing Animals/Slaughtered,2017,Head,13245
122,Lesotho,1058,"Meat, chicken",5321,Producing Animals/Slaughtered,2017,Head,2400000
122,Lesotho,1017,"Meat, goat",5320,Producing Animals/Slaughtered,2017,Head,37799
122,Lesotho,1035,"Meat, pig",5320,Producing Animals/Slaughtered,2017,Head,13318
122,Lesotho,977,"Meat, sheep",5320,Producing Animals/Slaughtered,2017,Head,48315
123,Liberia,867,"Meat, cattle",5320,Producing Animals/Slaughtered,2017,Head,9188
123,Liberia,1058,"Meat, chicken",5321,Producing Animals/Slaughtered,2017,Head,15894000
123,Liberia,1017,"Meat, goat",5320,Producing Animals/Slaughtered,2017,Head,117941
123,Liberia,1035,"Meat, pig",5320,Producing Animals/Slaughtered,2017,Head,255975
123,Liberia,977,"Meat, sheep",5320,Producing Animals/Slaughtered,2017,Head,87691
124,Libya,867,"Meat, cattle",5320,Producing Animals/Slaughtered,2017,Head,38402
124,Libya,1058,"Meat, chicken",5321,Producing Animals/Slaughtered,2017,Head,103567000
124,Libya,1017,"Meat, goat",5320,Producing Animals/Slaughtered,2017,Head,838903
124,Libya,977,"Meat, sheep",5320,Producing Animals/Slaughtered,2017,Head,2100582
126,Lithuania,867,"Meat, cattle",5320,Producing Animals/Slaughtered,2017,Head,169376
126,Lithuania,1058,"Meat, chicken",5321,Producing Animals/Slaughtered,2017,Head,77059000
126,Lithuania,1017,"Meat, goat",5320,Producing Animals/Slaughtered,2017,Head,7097
126,Lithuania,1035,"Meat, pig",5320,Producing Animals/Slaughtered,2017,Head,867843
126,Lithuania,977,"Meat, sheep",5320,Producing Animals/Slaughtered,2017,Head,81451
256,Luxembourg,867,"Meat, cattle",5320,Producing Animals/Slaughtered,2017,Head,26426
256,Luxembourg,1058,"Meat, chicken",5321,Producing Animals/Slaughtered,2017,Head,199000
256,Luxembourg,1017,"Meat, goat",5320,Producing Animals/Slaughtered,2017,Head,187
256,Luxembourg,1035,"Meat, pig",5320,Producing Animals/Slaughtered,2017,Head,157949
256,Luxembourg,977,"Meat, sheep",5320,Producing Animals/Slaughtered,2017,Head,2447
129,Madagascar,867,"Meat, cattle",5320,Producing Animals/Slaughtered,2017,Head,343030
129,Madagascar,1058,"Meat, chicken",5321,Producing Animals/Slaughtered,2017,Head,61436000
129,Madagascar,1017,"Meat, goat",5320,Producing Animals/Slaughtered,2017,Head,185620
129,Madagascar,1035,"Meat, pig",5320,Producing Animals/Slaughtered,2017,Head,365080
129,Madagascar,977,"Meat, sheep",5320,Producing Animals/Slaughtered,2017,Head,70240
130,Malawi,867,"Meat, cattle",5320,Producing Animals/Slaughtered,2017,Head,412872
130,Malawi,1058,"Meat, chicken",5321,Producing Animals/Slaughtered,2017,Head,43371000
130,Malawi,1017,"Meat, goat",5320,Producing Animals/Slaughtered,2017,Head,4951853
130,Malawi,1035,"Meat, pig",5320,Producing Animals/Slaughtered,2017,Head,5181686
130,Malawi,977,"Meat, sheep",5320,Producing Animals/Slaughtered,2017,Head,122708
131,Malaysia,867,"Meat, cattle",5320,Producing Animals/Slaughtered,2017,Head,117977
131,Malaysia,1058,"Meat, chicken",5321,Producing Animals/Slaughtered,2017,Head,820000000
131,Malaysia,1017,"Meat, goat",5320,Producing Animals/Slaughtered,2017,Head,68887
131,Malaysia,1035,"Meat, pig",5320,Producing Animals/Slaughtered,2017,Head,1662220
131,Malaysia,977,"Meat, sheep",5320,Producing Animals/Slaughtered,2017,Head,40635
133,Mali,867,"Meat, cattle",5320,Producing Animals/Slaughtered,2017,Head,449651
133,Mali,1058,"Meat, chicken",5321,Producing Animals/Slaughtered,2017,Head,70987000
133,Mali,1017,"Meat, goat",5320,Producing Animals/Slaughtered,2017,Head,724891
133,Mali,1035,"Meat, pig",5320,Producing Animals/Slaughtered,2017,Head,16215
133,Mali,977,"Meat, sheep",5320,Producing Animals/Slaughtered,2017,Head,391466
134,Malta,867,"Meat, cattle",5320,Producing Animals/Slaughtered,2017,Head,4086
134,Malta,1058,"Meat, chicken",5321,Producing Animals/Slaughtered,2017,Head,2126000
134,Malta,1017,"Meat, goat",5320,Producing Animals/Slaughtered,2017,Head,3552
134,Malta,1035,"Meat, pig",5320,Producing Animals/Slaughtered,2017,Head,55202
134,Malta,977,"Meat, sheep",5320,Producing Animals/Slaughtered,2017,Head,4782
136,Mauritania,867,"Meat, cattle",5320,Producing Animals/Slaughtered,2017,Head,234436
136,Mauritania,1058,"Meat, chicken",5321,Producing Animals/Slaughtered,2017,Head,5987000
136,Mauritania,1017,"Meat, goat",5320,Producing Animals/Slaughtered,2017,Head,1238878
136,Mauritania,977,"Meat, sheep",5320,Producing Animals/Slaughtered,2017,Head,2232508
137,Mauritius,867,"Meat, cattle",5320,Producing Animals/Slaughtered,2017,Head,7151
137,Mauritius,1058,"Meat, chicken",5321,Producing Animals/Slaughtered,2017,Head,47221000
137,Mauritius,1017,"Meat, goat",5320,Producing Animals/Slaughtered,2017,Head,2434
137,Mauritius,1035,"Meat, pig",5320,Producing Animals/Slaughtered,2017,Head,9332
137,Mauritius,977,"Meat, sheep",5320,Producing Animals/Slaughtered,2017,Head,1624
138,Mexico,867,"Meat, cattle",5320,Producing Animals/Slaughtered,2017,Head,8028967
138,Mexico,1058,"Meat, chicken",5321,Producing Animals/Slaughtered,2017,Head,1734126000
138,Mexico,1017,"Meat, goat",5320,Producing Animals/Slaughtered,2017,Head,2280869
138,Mexico,1035,"Meat, pig",5320,Producing Animals/Slaughtered,2017,Head,17465005
138,Mexico,977,"Meat, sheep",5320,Producing Animals/Slaughtered,2017,Head,3026005
145,Micronesia (Federated States of),867,"Meat, cattle",5320,Producing Animals/Slaughtered,2017,Head,1810
145,Micronesia (Federated States of),1058,"Meat, chicken",5321,Producing Animals/Slaughtered,2017,Head,200000
145,Micronesia (Federated States of),1017,"Meat, goat",5320,Producing Animals/Slaughtered,2017,Head,1210
145,Micronesia (Federated States of),1035,"Meat, pig",5320,Producing Animals/Slaughtered,2017,Head,33078
141,Mongolia,867,"Meat, cattle",5320,Producing Animals/Slaughtered,2017,Head,802700
141,Mongolia,1058,"Meat, chicken",5321,Producing Animals/Slaughtered,2017,Head,157000
141,Mongolia,1017,"Meat, goat",5320,Producing Animals/Slaughtered,2017,Head,5714500
141,Mongolia,1035,"Meat, pig",5320,Producing Animals/Slaughtered,2017,Head,9760
141,Mongolia,977,"Meat, sheep",5320,Producing Animals/Slaughtered,2017,Head,7091800
273,Montenegro,867,"Meat, cattle",5320,Producing Animals/Slaughtered,2017,Head,18473
273,Montenegro,1058,"Meat, chicken",5321,Producing Animals/Slaughtered,2017,Head,2806000
273,Montenegro,1017,"Meat, goat",5320,Producing Animals/Slaughtered,2017,Head,10291
273,Montenegro,1035,"Meat, pig",5320,Producing Animals/Slaughtered,2017,Head,32708
273,Montenegro,977,"Meat, sheep",5320,Producing Animals/Slaughtered,2017,Head,27080
143,Morocco,867,"Meat, cattle",5320,Producing Animals/Slaughtered,2017,Head,1000670
143,Morocco,1058,"Meat, chicken",5321,Producing Animals/Slaughtered,2017,Head,609671000
143,Morocco,1017,"Meat, goat",5320,Producing Animals/Slaughtered,2017,Head,2026989
143,Morocco,1035,"Meat, pig",5320,Producing Animals/Slaughtered,2017,Head,12450
143,Morocco,977,"Meat, sheep",5320,Producing Animals/Slaughtered,2017,Head,11161459
144,Mozambique,867,"Meat, cattle",5320,Producing Animals/Slaughtered,2017,Head,102959
144,Mozambique,1058,"Meat, chicken",5321,Producing Animals/Slaughtered,2017,Head,30000000
144,Mozambique,1017,"Meat, goat",5320,Producing Animals/Slaughtered,2017,Head,135493
144,Mozambique,1035,"Meat, pig",5320,Producing Animals/Slaughtered,2017,Head,1205900
144,Mozambique,977,"Meat, sheep",5320,Producing Animals/Slaughtered,2017,Head,35127
28,Myanmar,867,"Meat, cattle",5320,Producing Animals/Slaughtered,2017,Head,1672829
28,Myanmar,1058,"Meat, chicken",5321,Producing Animals/Slaughtered,2017,Head,1150000000
28,Myanmar,1017,"Meat, goat",5320,Producing Animals/Slaughtered,2017,Head,6423498
28,Myanmar,1035,"Meat, pig",5320,Producing Animals/Slaughtered,2017,Head,13053079
28,Myanmar,977,"Meat, sheep",5320,Producing Animals/Slaughtered,2017,Head,1079967
147,Namibia,867,"Meat, cattle",5320,Producing Animals/Slaughtered,2017,Head,137181
147,Namibia,1058,"Meat, chicken",5321,Producing Animals/Slaughtered,2017,Head,13152000
147,Namibia,1017,"Meat, goat",5320,Producing Animals/Slaughtered,2017,Head,324436
147,Namibia,1035,"Meat, pig",5320,Producing Animals/Slaughtered,2017,Head,105125
147,Namibia,977,"Meat, sheep",5320,Producing Animals/Slaughtered,2017,Head,540189
148,Nauru,1058,"Meat, chicken",5321,Producing Animals/Slaughtered,2017,Head,5000
148,Nauru,1035,"Meat, pig",5320,Producing Animals/Slaughtered,2017,Head,2518
149,Nepal,867,"Meat, cattle",5320,Producing Animals/Slaughtered,2017,Head,583340
149,Nepal,1058,"Meat, chicken",5321,Producing Animals/Slaughtered,2017,Head,75091000
149,Nepal,1017,"Meat, goat",5320,Producing Animals/Slaughtered,2017,Head,5698392
149,Nepal,1035,"Meat, pig",5320,Producing Animals/Slaughtered,2017,Head,676384
149,Nepal,977,"Meat, sheep",5320,Producing Animals/Slaughtered,2017,Head,301610
150,Netherlands,867,"Meat, cattle",5320,Producing Animals/Slaughtered,2017,Head,2164400
150,Netherlands,1058,"Meat, chicken",5321,Producing Animals/Slaughtered,2017,Head,621653000
150,Netherlands,1017,"Meat, goat",5320,Producing Animals/Slaughtered,2017,Head,136900
150,Netherlands,1035,"Meat, pig",5320,Producing Animals/Slaughtered,2017,Head,15169000
150,Netherlands,977,"Meat, sheep",5320,Producing Animals/Slaughtered,2017,Head,536800
153,New Caledonia,867,"Meat, cattle",5320,Producing Animals/Slaughtered,2017,Head,14970
153,New Caledonia,1058,"Meat, chicken",5321,Producing Animals/Slaughtered,2017,Head,491000
153,New Caledonia,1017,"Meat, goat",5320,Producing Animals/Slaughtered,2017,Head,128
153,New Caledonia,1035,"Meat, pig",5320,Producing Animals/Slaughtered,2017,Head,32887
153,New Caledonia,977,"Meat, sheep",5320,Producing Animals/Slaughtered,2017,Head,339
156,New Zealand,867,"Meat, cattle",5320,Producing Animals/Slaughtered,2017,Head,4383393
156,New Zealand,1058,"Meat, chicken",5321,Producing Animals/Slaughtered,2017,Head,118245000
156,New Zealand,1017,"Meat, goat",5320,Producing Animals/Slaughtered,2017,Head,118543
156,New Zealand,1035,"Meat, pig",5320,Producing Animals/Slaughtered,2017,Head,657084
156,New Zealand,977,"Meat, sheep",5320,Producing Animals/Slaughtered,2017,Head,22937020
157,Nicaragua,867,"Meat, cattle",5320,Producing Animals/Slaughtered,2017,Head,818924
157,Nicaragua,1058,"Meat, chicken",5321,Producing Animals/Slaughtered,2017,Head,68573000
157,Nicaragua,1017,"Meat, goat",5320,Producing Animals/Slaughtered,2017,Head,2250
157,Nicaragua,1035,"Meat, pig",5320,Producing Animals/Slaughtered,2017,Head,232623
157,Nicaragua,977,"Meat, sheep",5320,Producing Animals/Slaughtered,2017,Head,2037
158,Niger,867,"Meat, cattle",5320,Producing Animals/Slaughtered,2017,Head,202156
158,Niger,1058,"Meat, chicken",5321,Producing Animals/Slaughtered,2017,Head,22951000
158,Niger,1017,"Meat, goat",5320,Producing Animals/Slaughtered,2017,Head,1224365
158,Niger,1035,"Meat, pig",5320,Producing Animals/Slaughtered,2017,Head,33489
158,Niger,977,"Meat, sheep",5320,Producing Animals/Slaughtered,2017,Head,643754
159,Nigeria,867,"Meat, cattle",5320,Producing Animals/Slaughtered,2017,Head,3073655
159,Nigeria,1058,"Meat, chicken",5321,Producing Animals/Slaughtered,2017,Head,258163000
159,Nigeria,1017,"Meat, goat",5320,Producing Animals/Slaughtered,2017,Head,25500000
159,Nigeria,1035,"Meat, pig",5320,Producing Animals/Slaughtered,2017,Head,6533984
159,Nigeria,977,"Meat, sheep",5320,Producing Animals/Slaughtered,2017,Head,17200000
160,Niue,867,"Meat, cattle",5320,Producing Animals/Slaughtered,2017,Head,11
160,Niue,1058,"Meat, chicken",5321,Producing Animals/Slaughtered,2017,Head,24000
160,Niue,1035,"Meat, pig",5320,Producing Animals/Slaughtered,2017,Head,980
154,North Macedonia,867,"Meat, cattle",5320,Producing Animals/Slaughtered,2017,Head,36000
154,North Macedonia,1058,"Meat, chicken",5321,Producing Animals/Slaughtered,2017,Head,2446000
154,North Macedonia,1035,"Meat, pig",5320,Producing Animals/Slaughtered,2017,Head,138000
154,North Macedonia,977,"Meat, sheep",5320,Producing Animals/Slaughtered,2017,Head,165000
162,Norway,867,"Meat, cattle",5320,Producing Animals/Slaughtered,2017,Head,298013
162,Norway,1058,"Meat, chicken",5321,Producing Animals/Slaughtered,2017,Head,64202000
162,Norway,1017,"Meat, goat",5320,Producing Animals/Slaughtered,2017,Head,28617
162,Norway,1035,"Meat, pig",5320,Producing Animals/Slaughtered,2017,Head,1648097
162,Norway,977,"Meat, sheep",5320,Producing Animals/Slaughtered,2017,Head,1376317
221,Oman,867,"Meat, cattle",5320,Producing Animals/Slaughtered,2017,Head,111145
221,Oman,1058,"Meat, chicken",5321,Producing Animals/Slaughtered,2017,Head,8048000
221,Oman,1017,"Meat, goat",5320,Producing Animals/Slaughtered,2017,Head,671578
221,Oman,977,"Meat, sheep",5320,Producing Animals/Slaughtered,2017,Head,1008800
165,Pakistan,867,"Meat, cattle",5320,Producing Animals/Slaughtered,2017,Head,8106000
165,Pakistan,1058,"Meat, chicken",5321,Producing Animals/Slaughtered,2017,Head,1066000000
165,Pakistan,1017,"Meat, goat",5320,Producing Animals/Slaughtered,2017,Head,39733000
165,Pakistan,977,"Meat, sheep",5320,Producing Animals/Slaughtered,2017,Head,14466000
299,Palestine,867,"Meat, cattle",5320,Producing Animals/Slaughtered,2017,Head,37437
299,Palestine,1058,"Meat, chicken",5321,Producing Animals/Slaughtered,2017,Head,25957000
299,Palestine,1017,"Meat, goat",5320,Producing Animals/Slaughtered,2017,Head,202802
299,Palestine,977,"Meat, sheep",5320,Producing Animals/Slaughtered,2017,Head,395514
166,Panama,867,"Meat, cattle",5320,Producing Animals/Slaughtered,2017,Head,322946
166,Panama,1058,"Meat, chicken",5321,Producing Animals/Slaughtered,2017,Head,117786000
166,Panama,1035,"Meat, pig",5320,Producing Animals/Slaughtered,2017,Head,546320
168,Papua New Guinea,867,"Meat, cattle",5320,Producing Animals/Slaughtered,2017,Head,20527
168,Papua New Guinea,1058,"Meat, chicken",5321,Producing Animals/Slaughtered,2017,Head,7213000
168,Papua New Guinea,1017,"Meat, goat",5320,Producing Animals/Slaughtered,2017,Head,686
168,Papua New Guinea,1035,"Meat, pig",5320,Producing Animals/Slaughtered,2017,Head,1911891
168,Papua New Guinea,977,"Meat, sheep",5320,Producing Animals/Slaughtered,2017,Head,2170
169,Paraguay,867,"Meat, cattle",5320,Producing Animals/Slaughtered,2017,Head,2301432
169,Paraguay,1058,"Meat, chicken",5321,Producing Animals/Slaughtered,2017,Head,65887000
169,Paraguay,1017,"Meat, goat",5320,Producing Animals/Slaughtered,2017,Head,99477
169,Paraguay,1035,"Meat, pig",5320,Producing Animals/Slaughtered,2017,Head,495513
169,Paraguay,977,"Meat, sheep",5320,Producing Animals/Slaughtered,2017,Head,115076
170,Peru,867,"Meat, cattle",5320,Producing Animals/Slaughtered,2017,Head,1330763
170,Peru,1058,"Meat, chicken",5321,Producing Animals/Slaughtered,2017,Head,709233000
170,Peru,1017,"Meat, goat",5320,Producing Animals/Slaughtered,2017,Head,444799
170,Peru,1035,"Meat, pig",5320,Producing Animals/Slaughtered,2017,Head,3072556
170,Peru,977,"Meat, sheep",5320,Producing Animals/Slaughtered,2017,Head,2699042
171,Philippines,867,"Meat, cattle",5320,Producing Animals/Slaughtered,2017,Head,885729
171,Philippines,1058,"Meat, chicken",5321,Producing Animals/Slaughtered,2017,Head,1075660000
171,Philippines,1017,"Meat, goat",5320,Producing Animals/Slaughtered,2017,Head,3273207
171,Philippines,1035,"Meat, pig",5320,Producing Animals/Slaughtered,2017,Head,27142383
171,Philippines,977,"Meat, sheep",5320,Producing Animals/Slaughtered,2017,Head,8974
173,Poland,867,"Meat, cattle",5320,Producing Animals/Slaughtered,2017,Head,1934252
173,Poland,1058,"Meat, chicken",5321,Producing Animals/Slaughtered,2017,Head,797216000
173,Poland,1017,"Meat, goat",5320,Producing Animals/Slaughtered,2017,Head,1042
173,Poland,1035,"Meat, pig",5320,Producing Animals/Slaughtered,2017,Head,22188959
173,Poland,977,"Meat, sheep",5320,Producing Animals/Slaughtered,2017,Head,40963
174,Portugal,867,"Meat, cattle",5320,Producing Animals/Slaughtered,2017,Head,377551
174,Portugal,1058,"Meat, chicken",5321,Producing Animals/Slaughtered,2017,Head,200634000
174,Portugal,1017,"Meat, goat",5320,Producing Animals/Slaughtered,2017,Head,101083
174,Portugal,1035,"Meat, pig",5320,Producing Animals/Slaughtered,2017,Head,5473336
174,Portugal,977,"Meat, sheep",5320,Producing Animals/Slaughtered,2017,Head,792674
177,Puerto Rico,867,"Meat, cattle",5320,Producing Animals/Slaughtered,2017,Head,37431
177,Puerto Rico,1058,"Meat, chicken",5321,Producing Animals/Slaughtered,2017,Head,22853000
177,Puerto Rico,1017,"Meat, goat",5320,Producing Animals/Slaughtered,2017,Head,933
177,Puerto Rico,1035,"Meat, pig",5320,Producing Animals/Slaughtered,2017,Head,56922
177,Puerto Rico,977,"Meat, sheep",5320,Producing Animals/Slaughtered,2017,Head,1542
179,Qatar,867,"Meat, cattle",5320,Producing Animals/Slaughtered,2017,Head,7053
179,Qatar,1058,"Meat, chicken",5321,Producing Animals/Slaughtered,2017,Head,5000000
179,Qatar,1017,"Meat, goat",5320,Producing Animals/Slaughtered,2017,Head,144352
179,Qatar,977,"Meat, sheep",5320,Producing Animals/Slaughtered,2017,Head,816218
117,Republic of Korea,867,"Meat, cattle",5320,Producing Animals/Slaughtered,2017,Head,873000
117,Republic of Korea,1058,"Meat, chicken",5321,Producing Animals/Slaughtered,2017,Head,936020000
117,Republic of Korea,1017,"Meat, goat",5320,Producing Animals/Slaughtered,2017,Head,115678
117,Republic of Korea,1035,"Meat, pig",5320,Producing Animals/Slaughtered,2017,Head,16728000
117,Republic of Korea,977,"Meat, sheep",5320,Producing Animals/Slaughtered,2017,Head,392
146,Republic of Moldova,867,"Meat, cattle",5320,Producing Animals/Slaughtered,2017,Head,62182
146,Republic of Moldova,1058,"Meat, chicken",5321,Producing Animals/Slaughtered,2017,Head,34900000
146,Republic of Moldova,1035,"Meat, pig",5320,Producing Animals/Slaughtered,2017,Head,935171
146,Republic of Moldova,977,"Meat, sheep",5320,Producing Animals/Slaughtered,2017,Head,122889
183,Romania,867,"Meat, cattle",5320,Producing Animals/Slaughtered,2017,Head,678000
183,Romania,1058,"Meat, chicken",5321,Producing Animals/Slaughtered,2017,Head,261029000
183,Romania,1017,"Meat, goat",5320,Producing Animals/Slaughtered,2017,Head,857961
183,Romania,1035,"Meat, pig",5320,Producing Animals/Slaughtered,2017,Head,5828000
183,Romania,977,"Meat, sheep",5320,Producing Animals/Slaughtered,2017,Head,6475039
185,Russian Federation,867,"Meat, cattle",5320,Producing Animals/Slaughtered,2017,Head,7995404
185,Russian Federation,1058,"Meat, chicken",5321,Producing Animals/Slaughtered,2017,Head,2597071000
185,Russian Federation,1017,"Meat, goat",5320,Producing Animals/Slaughtered,2017,Head,1003469
185,Russian Federation,1035,"Meat, pig",5320,Producing Animals/Slaughtered,2017,Head,40190933
185,Russian Federation,977,"Meat, sheep",5320,Producing Animals/Slaughtered,2017,Head,11069143
184,Rwanda,867,"Meat, cattle",5320,Producing Animals/Slaughtered,2017,Head,339165
184,Rwanda,1058,"Meat, chicken",5321,Producing Animals/Slaughtered,2017,Head,6055000
184,Rwanda,1017,"Meat, goat",5320,Producing Animals/Slaughtered,2017,Head,669955
184,Rwanda,1035,"Meat, pig",5320,Producing Animals/Slaughtered,2017,Head,423961
184,Rwanda,977,"Meat, sheep",5320,Producing Animals/Slaughtered,2017,Head,115350
188,Saint Kitts and Nevis,867,"Meat, cattle",5320,Producing Animals/Slaughtered,2017,Head,226
188,Saint Kitts and Nevis,1058,"Meat, chicken",5321,Producing Animals/Slaughtered,2017,Head,23000
188,Saint Kitts and Nevis,1017,"Meat, goat",5320,Producing Animals/Slaughtered,2017,Head,527
188,Saint Kitts and Nevis,1035,"Meat, pig",5320,Producing Animals/Slaughtered,2017,Head,1179
188,Saint Kitts and Nevis,977,"Meat, sheep",5320,Producing Animals/Slaughtered,2017,Head,805
189,Saint Lucia,867,"Meat, cattle",5320,Producing Animals/Slaughtered,2017,Head,2292
189,Saint Lucia,1058,"Meat, chicken",5321,Producing Animals/Slaughtered,2017,Head,1157000
189,Saint Lucia,1017,"Meat, goat",5320,Producing Animals/Slaughtered,2017,Head,4714
189,Saint Lucia,1035,"Meat, pig",5320,Producing Animals/Slaughtered,2017,Head,3928
189,Saint Lucia,977,"Meat, sheep",5320,Producing Animals/Slaughtered,2017,Head,4823
191,Saint Vincent and the Grenadines,867,"Meat, cattle",5320,Producing Animals/Slaughtered,2017,Head,923
191,Saint Vincent and the Grenadines,1058,"Meat, chicken",5321,Producing Animals/Slaughtered,2017,Head,455000
191,Saint Vincent and the Grenadines,1017,"Meat, goat",5320,Producing Animals/Slaughtered,2017,Head,2732
191,Saint Vincent and the Grenadines,1035,"Meat, pig",5320,Producing Animals/Slaughtered,2017,Head,6917
191,Saint Vincent and the Grenadines,977,"Meat, sheep",5320,Producing Animals/Slaughtered,2017,Head,4160
244,Samoa,867,"Meat, cattle",5320,Producing Animals/Slaughtered,2017,Head,6376
244,Samoa,1058,"Meat, chicken",5321,Producing Animals/Slaughtered,2017,Head,497000
244,Samoa,1035,"Meat, pig",5320,Producing Animals/Slaughtered,2017,Head,62277
193,Sao Tome and Principe,867,"Meat, cattle",5320,Producing Animals/Slaughtered,2017,Head,1064
193,Sao Tome and Principe,1058,"Meat, chicken",5321,Producing Animals/Slaughtered,2017,Head,1183000
193,Sao Tome and Principe,1017,"Meat, goat",5320,Producing Animals/Slaughtered,2017,Head,1000
193,Sao Tome and Principe,1035,"Meat, pig",5320,Producing Animals/Slaughtered,2017,Head,10321
193,Sao Tome and Principe,977,"Meat, sheep",5320,Producing Animals/Slaughtered,2017,Head,333
194,Saudi Arabia,867,"Meat, cattle",5320,Producing Animals/Slaughtered,2017,Head,208000
194,Saudi Arabia,1058,"Meat, chicken",5321,Producing Animals/Slaughtered,2017,Head,632627000
194,Saudi Arabia,1017,"Meat, goat",5320,Producing Animals/Slaughtered,2017,Head,2185590
194,Saudi Arabia,977,"Meat, sheep",5320,Producing Animals/Slaughtered,2017,Head,4388137
195,Senegal,867,"Meat, cattle",5320,Producing Animals/Slaughtered,2017,Head,448375
195,Senegal,1058,"Meat, chicken",5321,Producing Animals/Slaughtered,2017,Head,64770000
195,Senegal,1017,"Meat, goat",5320,Producing Animals/Slaughtered,2017,Head,1942380
195,Senegal,1035,"Meat, pig",5320,Producing Animals/Slaughtered,2017,Head,327750
195,Senegal,977,"Meat, sheep",5320,Producing Animals/Slaughtered,2017,Head,2280630
272,Serbia,867,"Meat, cattle",5320,Producing Animals/Slaughtered,2017,Head,283907
272,Serbia,1058,"Meat, chicken",5321,Producing Animals/Slaughtered,2017,Head,50630000
272,Serbia,1017,"Meat, goat",5320,Producing Animals/Slaughtered,2017,Head,239581
272,Serbia,1035,"Meat, pig",5320,Producing Animals/Slaughtered,2017,Head,5706421
272,Serbia,977,"Meat, sheep",5320,Producing Animals/Slaughtered,2017,Head,1552180
196,Seychelles,867,"Meat, cattle",5320,Producing Animals/Slaughtered,2017,Head,56
196,Seychelles,1058,"Meat, chicken",5321,Producing Animals/Slaughtered,2017,Head,417000
196,Seychelles,1017,"Meat, goat",5320,Producing Animals/Slaughtered,2017,Head,1968
196,Seychelles,1035,"Meat, pig",5320,Producing Animals/Slaughtered,2017,Head,5514
197,Sierra Leone,867,"Meat, cattle",5320,Producing Animals/Slaughtered,2017,Head,37735
197,Sierra Leone,1058,"Meat, chicken",5321,Producing Animals/Slaughtered,2017,Head,18691000
197,Sierra Leone,1017,"Meat, goat",5320,Producing Animals/Slaughtered,2017,Head,215420
197,Sierra Leone,1035,"Meat, pig",5320,Producing Animals/Slaughtered,2017,Head,21750
197,Sierra Leone,977,"Meat, sheep",5320,Producing Animals/Slaughtered,2017,Head,180000
200,Singapore,867,"Meat, cattle",5320,Producing Animals/Slaughtered,2017,Head,86
200,Singapore,1058,"Meat, chicken",5321,Producing Animals/Slaughtered,2017,Head,48323000
200,Singapore,1017,"Meat, goat",5320,Producing Animals/Slaughtered,2017,Head,640
200,Singapore,1035,"Meat, pig",5320,Producing Animals/Slaughtered,2017,Head,323277
200,Singapore,977,"Meat, sheep",5320,Producing Animals/Slaughtered,2017,Head,483
199,Slovakia,867,"Meat, cattle",5320,Producing Animals/Slaughtered,2017,Head,41263
199,Slovakia,1058,"Meat, chicken",5321,Producing Animals/Slaughtered,2017,Head,45134000
199,Slovakia,1017,"Meat, goat",5320,Producing Animals/Slaughtered,2017,Head,27894
199,Slovakia,1035,"Meat, pig",5320,Producing Animals/Slaughtered,2017,Head,634160
199,Slovakia,977,"Meat, sheep",5320,Producing Animals/Slaughtered,2017,Head,108419
198,Slovenia,867,"Meat, cattle",5320,Producing Animals/Slaughtered,2017,Head,120116
198,Slovenia,1058,"Meat, chicken",5321,Producing Animals/Slaughtered,2017,Head,38012000
198,Slovenia,1017,"Meat, goat",5320,Producing Animals/Slaughtered,2017,Head,20945
198,Slovenia,1035,"Meat, pig",5320,Producing Animals/Slaughtered,2017,Head,325944
198,Slovenia,977,"Meat, sheep",5320,Producing Animals/Slaughtered,2017,Head,101987
25,Solomon Islands,867,"Meat, cattle",5320,Producing Animals/Slaughtered,2017,Head,4109
25,Solomon Islands,1058,"Meat, chicken",5321,Producing Animals/Slaughtered,2017,Head,353000
25,Solomon Islands,1035,"Meat, pig",5320,Producing Animals/Slaughtered,2017,Head,62926
201,Somalia,867,"Meat, cattle",5320,Producing Animals/Slaughtered,2017,Head,514507
201,Somalia,1058,"Meat, chicken",5321,Producing Animals/Slaughtered,2017,Head,4826000
201,Somalia,1017,"Meat, goat",5320,Producing Animals/Slaughtered,2017,Head,2982104
201,Somalia,1035,"Meat, pig",5320,Producing Animals/Slaughtered,2017,Head,2107
201,Somalia,977,"Meat, sheep",5320,Producing Animals/Slaughtered,2017,Head,3252104
202,South Africa,867,"Meat, cattle",5320,Producing Animals/Slaughtered,2017,Head,3503000
202,South Africa,1058,"Meat, chicken",5321,Producing Animals/Slaughtered,2017,Head,927147000
202,South Africa,1017,"Meat, goat",5320,Producing Animals/Slaughtered,2017,Head,700000
202,South Africa,1035,"Meat, pig",5320,Producing Animals/Slaughtered,2017,Head,2906000
202,South Africa,977,"Meat, sheep",5320,Producing Animals/Slaughtered,2017,Head,5487364
277,South Sudan,867,"Meat, cattle",5320,Producing Animals/Slaughtered,2017,Head,848354
277,South Sudan,1058,"Meat, chicken",5321,Producing Animals/Slaughtered,2017,Head,20100000
277,South Sudan,1017,"Meat, goat",5320,Producing Animals/Slaughtered,2017,Head,2378064
277,South Sudan,977,"Meat, sheep",5320,Producing Animals/Slaughtered,2017,Head,1841589
203,Spain,867,"Meat, cattle",5320,Producing Animals/Slaughtered,2017,Head,2391003
203,Spain,1058,"Meat, chicken",5321,Producing Animals/Slaughtered,2017,Head,690837000
203,Spain,1017,"Meat, goat",5320,Producing Animals/Slaughtered,2017,Head,1358402
203,Spain,1035,"Meat, pig",5320,Producing Animals/Slaughtered,2017,Head,50072755
203,Spain,977,"Meat, sheep",5320,Producing Animals/Slaughtered,2017,Head,9833126
38,Sri Lanka,867,"Meat, cattle",5320,Producing Animals/Slaughtered,2017,Head,152536
38,Sri Lanka,1058,"Meat, chicken",5321,Producing Animals/Slaughtered,2017,Head,142463000
38,Sri Lanka,1017,"Meat, goat",5320,Producing Animals/Slaughtered,2017,Head,42606
38,Sri Lanka,1035,"Meat, pig",5320,Producing Animals/Slaughtered,2017,Head,18345
38,Sri Lanka,977,"Meat, sheep",5320,Producing Animals/Slaughtered,2017,Head,5461
276,Sudan,867,"Meat, cattle",5320,Producing Animals/Slaughtered,2017,Head,3471000
276,Sudan,1058,"Meat, chicken",5321,Producing Animals/Slaughtered,2017,Head,32551000
276,Sudan,1017,"Meat, goat",5320,Producing Animals/Slaughtered,2017,Head,13262000
276,Sudan,977,"Meat, sheep",5320,Producing Animals/Slaughtered,2017,Head,15400000
207,Suriname,867,"Meat, cattle",5320,Producing Animals/Slaughtered,2017,Head,10122
207,Suriname,1058,"Meat, chicken",5321,Producing Animals/Slaughtered,2017,Head,5706000
207,Suriname,1017,"Meat, goat",5320,Producing Animals/Slaughtered,2017,Head,573
207,Suriname,1035,"Meat, pig",5320,Producing Animals/Slaughtered,2017,Head,32512
207,Suriname,977,"Meat, sheep",5320,Producing Animals/Slaughtered,2017,Head,1147
210,Sweden,867,"Meat, cattle",5320,Producing Animals/Slaughtered,2017,Head,406030
210,Sweden,1058,"Meat, chicken",5321,Producing Animals/Slaughtered,2017,Head,103407000
210,Sweden,1035,"Meat, pig",5320,Producing Animals/Slaughtered,2017,Head,2576290
210,Sweden,977,"Meat, sheep",5320,Producing Animals/Slaughtered,2017,Head,261600
211,Switzerland,867,"Meat, cattle",5320,Producing Animals/Slaughtered,2017,Head,605667
211,Switzerland,1058,"Meat, chicken",5321,Producing Animals/Slaughtered,2017,Head,72327000
211,Switzerland,1017,"Meat, goat",5320,Producing Animals/Slaughtered,2017,Head,36890
211,Switzerland,1035,"Meat, pig",5320,Producing Animals/Slaughtered,2017,Head,2652224
211,Switzerland,977,"Meat, sheep",5320,Producing Animals/Slaughtered,2017,Head,221479
212,Syrian Arab Republic,867,"Meat, cattle",5320,Producing Animals/Slaughtered,2017,Head,456000
212,Syrian Arab Republic,1058,"Meat, chicken",5321,Producing Animals/Slaughtered,2017,Head,83800000
212,Syrian Arab Republic,1017,"Meat, goat",5320,Producing Animals/Slaughtered,2017,Head,474000
212,Syrian Arab Republic,977,"Meat, sheep",5320,Producing Animals/Slaughtered,2017,Head,4100000
208,Tajikistan,867,"Meat, cattle",5320,Producing Animals/Slaughtered,2017,Head,867743
208,Tajikistan,1058,"Meat, chicken",5321,Producing Animals/Slaughtered,2017,Head,5066000
208,Tajikistan,1035,"Meat, pig",5320,Producing Animals/Slaughtered,2017,Head,9607
208,Tajikistan,977,"Meat, sheep",5320,Producing Animals/Slaughtered,2017,Head,5492481
216,Thailand,867,"Meat, cattle",5320,Producing Animals/Slaughtered,2017,Head,940000
216,Thailand,1058,"Meat, chicken",5321,Producing Animals/Slaughtered,2017,Head,1250417000
216,Thailand,1017,"Meat, goat",5320,Producing Animals/Slaughtered,2017,Head,122191
216,Thailand,1035,"Meat, pig",5320,Producing Animals/Slaughtered,2017,Head,12580921
216,Thailand,977,"Meat, sheep",5320,Producing Animals/Slaughtered,2017,Head,14067
176,Timor-Leste,867,"Meat, cattle",5320,Producing Animals/Slaughtered,2017,Head,13104
176,Timor-Leste,1058,"Meat, chicken",5321,Producing Animals/Slaughtered,2017,Head,1178000
176,Timor-Leste,1017,"Meat, goat",5320,Producing Animals/Slaughtered,2017,Head,48783
176,Timor-Leste,1035,"Meat, pig",5320,Producing Animals/Slaughtered,2017,Head,298715
176,Timor-Leste,977,"Meat, sheep",5320,Producing Animals/Slaughtered,2017,Head,4695
217,Togo,867,"Meat, cattle",5320,Producing Animals/Slaughtered,2017,Head,45064
217,Togo,1058,"Meat, chicken",5321,Producing Animals/Slaughtered,2017,Head,43676000
217,Togo,1017,"Meat, goat",5320,Producing Animals/Slaughtered,2017,Head,816554
217,Togo,1035,"Meat, pig",5320,Producing Animals/Slaughtered,2017,Head,626002
217,Togo,977,"Meat, sheep",5320,Producing Animals/Slaughtered,2017,Head,327378
218,Tokelau,1058,"Meat, chicken",5321,Producing Animals/Slaughtered,2017,Head,6000
218,Tokelau,1035,"Meat, pig",5320,Producing Animals/Slaughtered,2017,Head,648
219,Tonga,867,"Meat, cattle",5320,Producing Animals/Slaughtered,2017,Head,1824
219,Tonga,1058,"Meat, chicken",5321,Producing Animals/Slaughtered,2017,Head,372000
219,Tonga,1017,"Meat, goat",5320,Producing Animals/Slaughtered,2017,Head,1774
219,Tonga,1035,"Meat, pig",5320,Producing Animals/Slaughtered,2017,Head,36249
220,Trinidad and Tobago,867,"Meat, cattle",5320,Producing Animals/Slaughtered,2017,Head,6124
220,Trinidad and Tobago,1058,"Meat, chicken",5321,Producing Animals/Slaughtered,2017,Head,33267000
220,Trinidad and Tobago,1017,"Meat, goat",5320,Producing Animals/Slaughtered,2017,Head,5020
220,Trinidad and Tobago,1035,"Meat, pig",5320,Producing Animals/Slaughtered,2017,Head,16861
220,Trinidad and Tobago,977,"Meat, sheep",5320,Producing Animals/Slaughtered,2017,Head,9624
222,Tunisia,867,"Meat, cattle",5320,Producing Animals/Slaughtered,2017,Head,232754
222,Tunisia,1058,"Meat, chicken",5321,Producing Animals/Slaughtered,2017,Head,88528000
222,Tunisia,1017,"Meat, goat",5320,Producing Animals/Slaughtered,2017,Head,716499
222,Tunisia,1035,"Meat, pig",5320,Producing Animals/Slaughtered,2017,Head,2547
222,Tunisia,977,"Meat, sheep",5320,Producing Animals/Slaughtered,2017,Head,3256259
223,T?rkiye,867,"Meat, cattle",5320,Producing Animals/Slaughtered,2017,Head,3602115
223,T?rkiye,1058,"Meat, chicken",5321,Producing Animals/Slaughtered,2017,Head,1228444000
223,T?rkiye,1017,"Meat, goat",5320,Producing Animals/Slaughtered,2017,Head,2068866
223,T?rkiye,977,"Meat, sheep",5320,Producing Animals/Slaughtered,2017,Head,5134338
213,Turkmenistan,867,"Meat, cattle",5320,Producing Animals/Slaughtered,2017,Head,793080
213,Turkmenistan,1058,"Meat, chicken",5321,Producing Animals/Slaughtered,2017,Head,16215000
213,Turkmenistan,1017,"Meat, goat",5320,Producing Animals/Slaughtered,2017,Head,660000
213,Turkmenistan,1035,"Meat, pig",5320,Producing Animals/Slaughtered,2017,Head,4800
213,Turkmenistan,977,"Meat, sheep",5320,Producing Animals/Slaughtered,2017,Head,8321687
227,Tuvalu,1058,"Meat, chicken",5321,Producing Animals/Slaughtered,2017,Head,63000
227,Tuvalu,1035,"Meat, pig",5320,Producing Animals/Slaughtered,2017,Head,4072
226,Uganda,867,"Meat, cattle",5320,Producing Animals/Slaughtered,2017,Head,1261493
226,Uganda,1058,"Meat, chicken",5321,Producing Animals/Slaughtered,2017,Head,48471000
226,Uganda,1017,"Meat, goat",5320,Producing Animals/Slaughtered,2017,Head,3123111
226,Uganda,1035,"Meat, pig",5320,Producing Animals/Slaughtered,2017,Head,1992973
226,Uganda,977,"Meat, sheep",5320,Producing Animals/Slaughtered,2017,Head,674335
230,Ukraine,867,"Meat, cattle",5320,Producing Animals/Slaughtered,2017,Head,2181300
230,Ukraine,1058,"Meat, chicken",5321,Producing Animals/Slaughtered,2017,Head,630385000
230,Ukraine,1017,"Meat, goat",5320,Producing Animals/Slaughtered,2017,Head,384600
230,Ukraine,1035,"Meat, pig",5320,Producing Animals/Slaughtered,2017,Head,8465500
230,Ukraine,977,"Meat, sheep",5320,Producing Animals/Slaughtered,2017,Head,479700
225,United Arab Emirates,867,"Meat, cattle",5320,Producing Animals/Slaughtered,2017,Head,74280
225,United Arab Emirates,1058,"Meat, chicken",5321,Producing Animals/Slaughtered,2017,Head,41201000
225,United Arab Emirates,1017,"Meat, goat",5320,Producing Animals/Slaughtered,2017,Head,3426000
225,United Arab Emirates,977,"Meat, sheep",5320,Producing Animals/Slaughtered,2017,Head,243360
229,United Kingdom of Great Britain and Northern Ireland,867,"Meat, cattle",5320,Producing Animals/Slaughtered,2017,Head,2754000
229,United Kingdom of Great Britain and Northern Ireland,1058,"Meat, chicken",5321,Producing Animals/Slaughtered,2017,Head,1090000000
229,United Kingdom of Great Britain and Northern Ireland,1035,"Meat, pig",5320,Producing Animals/Slaughtered,2017,Head,10657000
229,United Kingdom of Great Britain and Northern Ireland,977,"Meat, sheep",5320,Producing Animals/Slaughtered,2017,Head,14872000
215,United Republic of Tanzania,867,"Meat, cattle",5320,Producing Animals/Slaughtered,2017,Head,3141645
215,United Republic of Tanzania,1058,"Meat, chicken",5321,Producing Animals/Slaughtered,2017,Head,104104000
215,United Republic of Tanzania,1017,"Meat, goat",5320,Producing Animals/Slaughtered,2017,Head,3407593
215,United Republic of Tanzania,1035,"Meat, pig",5320,Producing Animals/Slaughtered,2017,Head,370628
215,United Republic of Tanzania,977,"Meat, sheep",5320,Producing Animals/Slaughtered,2017,Head,2035289
231,United States of America,867,"Meat, cattle",5320,Producing Animals/Slaughtered,2017,Head,32817400
231,United States of America,1058,"Meat, chicken",5321,Producing Animals/Slaughtered,2017,Head,9050702000
231,United States of America,1017,"Meat, goat",5320,Producing Animals/Slaughtered,2017,Head,597700
231,United States of America,1035,"Meat, pig",5320,Producing Animals/Slaughtered,2017,Head,121389700
231,United States of America,977,"Meat, sheep",5320,Producing Animals/Slaughtered,2017,Head,2274200
234,Uruguay,867,"Meat, cattle",5320,Producing Animals/Slaughtered,2017,Head,2345654
234,Uruguay,1058,"Meat, chicken",5321,Producing Animals/Slaughtered,2017,Head,31149000
234,Uruguay,1035,"Meat, pig",5320,Producing Animals/Slaughtered,2017,Head,209000
234,Uruguay,977,"Meat, sheep",5320,Producing Animals/Slaughtered,2017,Head,827908
235,Uzbekistan,867,"Meat, cattle",5320,Producing Animals/Slaughtered,2017,Head,4433014
235,Uzbekistan,1058,"Meat, chicken",5321,Producing Animals/Slaughtered,2017,Head,28462000
235,Uzbekistan,1035,"Meat, pig",5320,Producing Animals/Slaughtered,2017,Head,176291
235,Uzbekistan,977,"Meat, sheep",5320,Producing Animals/Slaughtered,2017,Head,9363492
155,Vanuatu,867,"Meat, cattle",5320,Producing Animals/Slaughtered,2017,Head,12173
155,Vanuatu,1058,"Meat, chicken",5321,Producing Animals/Slaughtered,2017,Head,603000
155,Vanuatu,1017,"Meat, goat",5320,Producing Animals/Slaughtered,2017,Head,3244
155,Vanuatu,1035,"Meat, pig",5320,Producing Animals/Slaughtered,2017,Head,64131
236,Venezuela (Bolivarian Republic of),867,"Meat, cattle",5320,Producing Animals/Slaughtered,2017,Head,1734714
236,Venezuela (Bolivarian Republic of),1058,"Meat, chicken",5321,Producing Animals/Slaughtered,2017,Head,257892000
236,Venezuela (Bolivarian Republic of),1017,"Meat, goat",5320,Producing Animals/Slaughtered,2017,Head,509394
236,Venezuela (Bolivarian Republic of),1035,"Meat, pig",5320,Producing Animals/Slaughtered,2017,Head,1773751
236,Venezuela (Bolivarian Republic of),977,"Meat, sheep",5320,Producing Animals/Slaughtered,2017,Head,283228
237,Viet Nam,867,"Meat, cattle",5320,Producing Animals/Slaughtered,2017,Head,1652125
237,Viet Nam,1058,"Meat, chicken",5321,Producing Animals/Slaughtered,2017,Head,445238000
237,Viet Nam,1017,"Meat, goat",5320,Producing Animals/Slaughtered,2017,Head,1095199
237,Viet Nam,1035,"Meat, pig",5320,Producing Animals/Slaughtered,2017,Head,49032253
249,Yemen,867,"Meat, cattle",5320,Producing Animals/Slaughtered,2017,Head,1061100
249,Yemen,1058,"Meat, chicken",5321,Producing Animals/Slaughtered,2017,Head,177008000
249,Yemen,1017,"Meat, goat",5320,Producing Animals/Slaughtered,2017,Head,5574056
249,Yemen,977,"Meat, sheep",5320,Producing Animals/Slaughtered,2017,Head,4900000
251,Zambia,867,"Meat, cattle",5320,Producing Animals/Slaughtered,2017,Head,1300000
251,Zambia,1058,"Meat, chicken",5321,Producing Animals/Slaughtered,2017,Head,46902000
251,Zambia,1017,"Meat, goat",5320,Producing Animals/Slaughtered,2017,Head,817056
251,Zambia,1035,"Meat, pig",5320,Producing Animals/Slaughtered,2017,Head,650147
251,Zambia,977,"Meat, sheep",5320,Producing Animals/Slaughtered,2017,Head,64958
181,Zimbabwe,867,"Meat, cattle",5320,Producing Animals/Slaughtered,2017,Head,262990
181,Zimbabwe,1058,"Meat, chicken",5321,Producing Animals/Slaughtered,2017,Head,60000000
181,Zimbabwe,1017,"Meat, goat",5320,Producing Animals/Slaughtered,2017,Head,2006078
181,Zimbabwe,1035,"Meat, pig",5320,Producing Animals/Slaughtered,2017,Head,211228
181,Zimbabwe,977,"Meat, sheep",5320,Producing Animals/Slaughtered,2017,Head,29918
