iso3c,country_name,taxa,feed_category,tonnes
CHN,China,oth_carp,soy,4950317.306795447
CHN,China,oth_carp,grain,3910072.354729373
CHN,China,oth_carp,oil,12632541.453741053
CHN,China,hypoph_carp,soy,524252.3410476256
CHN,China,hypoph_carp,grain,4195667.383215077
CHN,China,hypoph_carp,oil,0
IND,India,oth_carp,soy,1380901.4234863908
IND,India,oth_carp,grain,1090722.9064223068
IND,India,oth_carp,oil,3523874.0053643757
CHN,China,catfish,soy,1848147.4966381835
CHN,China,catfish,grain,1795768.48250047
CHN,China,catfish,oil,1041333.2028700948
IDN,Indonesia,catfish,soy,1090664.8726589656
IDN,Indonesia,catfish,grain,1059753.9465080884
IDN,Indonesia,catfish,oil,614531.8743064654
VNM,Vietnam,catfish,soy,960217.8182959459
VNM,Vietnam,catfish,grain,933003.939116229
VNM,Vietnam,catfish,oil,541031.8700200616
CHN,China,tilapia,soy,903893.4163886444
CHN,China,tilapia,grain,1045577.7972347075
CHN,China,tilapia,oil,482574.36795448035
IND,India,catfish,soy,763839.4635307146
IND,India,catfish,grain,742191.2140636152
IND,India,catfish,oil,430383.0708771259
IDN,Indonesia,tilapia,soy,688982.8434169459
IDN,Indonesia,tilapia,grain,796980.208828796
IDN,Indonesia,tilapia,oil,367837.0194594444
BGD,Bangladesh,oth_carp,soy,347697.1915588694
BGD,Bangladesh,oth_carp,grain,274633.1380950315
BGD,Bangladesh,oth_carp,oil,887276.2923070248
MMR,Myanmar (Burma),oth_carp,soy,315120.1040028865
MMR,Myanmar (Burma),oth_carp,grain,248901.70280392596
MMR,Myanmar (Burma),oth_carp,oil,804143.9629049915
BGD,Bangladesh,catfish,soy,326513.7887383223
BGD,Bangladesh,catfish,grain,317259.9438003005
BGD,Bangladesh,catfish,oil,183973.2218486949
VNM,Vietnam,oth_carp,soy,192726.22234173122
VNM,Vietnam,oth_carp,grain,152227.30732338657
VNM,Vietnam,oth_carp,oil,491811.30058324884
IDN,Indonesia,oth_carp,soy,147485.50218515555
IDN,Indonesia,oth_carp,grain,116493.3375131188
IDN,Indonesia,oth_carp,oil,376363.0904269992
IND,India,hypoph_carp,soy,29038.1204519698
IND,India,hypoph_carp,grain,232396.2819254866
IND,India,hypoph_carp,oil,0
BGD,Bangladesh,tilapia,soy,181301.91816485237
BGD,Bangladesh,tilapia,grain,209720.81087459403
BGD,Bangladesh,tilapia,oil,96794.2204036588
BRA,Brazil,tilapia,soy,152467.28415833638
BRA,Brazil,tilapia,grain,176366.37708630876
BRA,Brazil,tilapia,oil,81399.86634752713
PHL,Philippines,tilapia,soy,135057.20045261606
PHL,Philippines,tilapia,grain,156227.28032927256
PHL,Philippines,tilapia,oil,72104.89861351042
NGA,Nigeria,catfish,soy,134337.60247082214
NGA,Nigeria,catfish,grain,130530.29207387318
NGA,Nigeria,catfish,oil,75692.12203100335
VNM,Vietnam,tilapia,soy,128256.74036373124
VNM,Vietnam,tilapia,grain,148360.85498420568
VNM,Vietnam,tilapia,oil,68474.2407619411
THA,Thailand,tilapia,soy,118159.27178028249
THA,Thailand,tilapia,grain,136680.61839026024
THA,Thailand,tilapia,oil,63083.36233396627
BGD,Bangladesh,hypoph_carp,soy,15603.8791518568
BGD,Bangladesh,hypoph_carp,grain,124880.10387945571
BGD,Bangladesh,hypoph_carp,oil,0
BRA,Brazil,catfish,soy,108150.04902864216
BRA,Brazil,catfish,grain,105084.92951985294
BRA,Brazil,catfish,oil,60936.823035180976
IRN,Iran,trout,soy,9211.439476410173
IRN,Iran,trout,grain,96227.94646138513
IRN,Iran,trout,oil,0
USA,United States,catfish,soy,83954.10369709092
USA,United States,catfish,grain,81574.73019337004
USA,United States,catfish,oil,47303.689697930546
THA,Thailand,catfish,soy,77208.8206734261
THA,Thailand,catfish,grain,75020.61766637937
THA,Thailand,catfish,oil,43503.08006689454
PAK,Pakistan,oth_carp,soy,48431.55481021346
PAK,Pakistan,oth_carp,grain,38254.29196225887
PAK,Pakistan,oth_carp,oil,123590.78941652864
KHM,Cambodia,catfish,soy,67268.88764537079
KHM,Cambodia,catfish,grain,65362.395861887926
KHM,Cambodia,catfish,oil,37902.45440511843
IRN,Iran,hypoph_carp,soy,8870.05215457923
IRN,Iran,hypoph_carp,grain,70988.31154099481
IRN,Iran,hypoph_carp,oil,0
EGY,Egypt,tilapia,soy,60969.817854967485
EGY,Egypt,tilapia,grain,70526.77527544732
EGY,Egypt,tilapia,oil,32550.819357898767
TUR,Turkey,trout,soy,5691.904492052178
TUR,Turkey,trout,grain,59460.87819685363
TUR,Turkey,trout,oil,0
MMR,Myanmar (Burma),catfish,soy,51133.17844478691
MMR,Myanmar (Burma),catfish,grain,49683.99460987243
MMR,Myanmar (Burma),catfish,oil,28810.837111050278
RUS,Russia,oth_carp,soy,29887.583490254252
RUS,Russia,oth_carp,grain,23607.09560869733
RUS,Russia,oth_carp,oil,76269.07812040675
IRN,Iran,oth_carp,soy,29671.111008723306
IRN,Iran,oth_carp,grain,23436.11201044759
IRN,Iran,oth_carp,oil,75716.66957221531
CHN,China,trout,soy,4243.475201803328
CHN,China,trout,grain,44329.7603566823
CHN,China,trout,oil,0
UGA,Uganda,tilapia,soy,40607.88345021987
UGA,Uganda,tilapia,grain,46973.12820120021
UGA,Uganda,tilapia,oil,21679.905323630865
COL,Colombia,tilapia,soy,37857.83806254148
COL,Colombia,tilapia,grain,43792.015974238355
COL,Colombia,tilapia,oil,20211.699680417703
IDN,Indonesia,milkfish,soy,14234.78998567571
IDN,Indonesia,milkfish,grain,90240.13000394474
IDN,Indonesia,milkfish,oil,0
EGY,Egypt,hypoph_carp,soy,4878.781354378354
EGY,Egypt,hypoph_carp,grain,39045.59349701325
EGY,Egypt,hypoph_carp,oil,0
KHM,Cambodia,oth_carp,soy,23762.77467714773
KHM,Cambodia,oth_carp,grain,18769.335898778143
KHM,Cambodia,oth_carp,oil,60639.392903744774
MYS,Malaysia,catfish,soy,31541.934544619082
MYS,Malaysia,catfish,grain,30647.993212312707
MYS,Malaysia,catfish,oil,17772.209081696124
LAO,Laos,oth_carp,soy,22006.774127665874
LAO,Laos,oth_carp,grain,17382.336080808236
LAO,Laos,oth_carp,oil,56158.316568765076
MEX,Mexico,tilapia,soy,30003.445029329167
MEX,Mexico,tilapia,grain,34706.45475940733
MEX,Mexico,tilapia,oil,16018.36373511108
PER,Peru,trout,soy,3012.032035425206
PER,Peru,trout,grain,31465.40322901073
PER,Peru,trout,oil,0
GHA,Ghana,tilapia,soy,28833.743520790365
GHA,Ghana,tilapia,grain,33353.40371982076
GHA,Ghana,tilapia,oil,15393.878639917275
TWN,Taiwan,tilapia,soy,28261.346558976238
TWN,Taiwan,tilapia,grain,32691.28411188225
TWN,Taiwan,tilapia,oil,15088.284974714887
PHL,Philippines,milkfish,soy,9546.055788193844
PHL,Philippines,milkfish,grain,60516.33471363997
PHL,Philippines,milkfish,oil,0
NPL,Nepal,oth_carp,soy,15309.032290451467
NPL,Nepal,oth_carp,grain,12092.037788038913
NPL,Nepal,oth_carp,oil,39066.583622894956
RUS,Russia,hypoph_carp,soy,2994.0187778218005
RUS,Russia,hypoph_carp,grain,23961.565733283416
RUS,Russia,hypoph_carp,oil,0
RUS,Russia,trout,soy,2102.939304883845
RUS,Russia,trout,grain,21968.5024648035
RUS,Russia,trout,oil,0
UGA,Uganda,catfish,soy,20130.67718939351
UGA,Uganda,catfish,grain,19560.14641356366
UGA,Uganda,catfish,oil,11342.570109640461
ITA,Italy,trout,soy,2020.8854288352652
ITA,Italy,trout,grain,21111.32091228148
ITA,Italy,trout,oil,0
FRA,France,trout,soy,1971.3018357768792
FRA,France,trout,grain,20593.342441011653
FRA,France,trout,oil,0
MMR,Myanmar (Burma),tilapia,soy,18294.928965792464
MMR,Myanmar (Burma),tilapia,grain,21162.64061867443
MMR,Myanmar (Burma),tilapia,oil,9767.372593234355
EGY,Egypt,catfish,soy,18110.23012649821
EGY,Egypt,catfish,grain,17596.961568897368
EGY,Egypt,catfish,oil,10204.155229301428
HND,Honduras,tilapia,soy,17885.59278545267
HND,Honduras,tilapia,grain,20689.141405151975
HND,Honduras,tilapia,oil,9548.83449468553
MYS,Malaysia,tilapia,soy,17096.4804317585
MYS,Malaysia,tilapia,grain,19776.33648635667
MYS,Malaysia,tilapia,oil,9127.539916780004
IRQ,Iraq,oth_carp,soy,11699.353660922836
IRQ,Iraq,oth_carp,grain,9240.886287224519
IRQ,Iraq,oth_carp,oil,29855.17108180229
LAO,Laos,tilapia,soy,15988.635974874358
LAO,Laos,tilapia,grain,18494.838528847984
LAO,Laos,tilapia,oil,8536.07932100676
COL,Colombia,catfish,soy,14680.241806796983
COL,Colombia,catfish,grain,14264.183784078567
COL,Colombia,catfish,oil,8271.538525678694
THA,Thailand,oth_carp,soy,10104.950575800629
THA,Thailand,oth_carp,grain,7981.526323192789
THA,Thailand,oth_carp,oil,25786.469659545935
PAK,Pakistan,hypoph_carp,soy,1958.2252501155635
PAK,Pakistan,hypoph_carp,grain,15671.960175665998
PAK,Pakistan,hypoph_carp,oil,0
UZB,Uzbekistan,hypoph_carp,soy,1915.7617129351502
UZB,Uzbekistan,hypoph_carp,grain,15332.118340019115
UZB,Uzbekistan,hypoph_carp,oil,0
NGA,Nigeria,oth_carp,soy,9547.117642624711
NGA,Nigeria,oth_carp,grain,7540.914743087693
NGA,Nigeria,oth_carp,oil,24362.955323821778
MMR,Myanmar (Burma),hypoph_carp,soy,1818.5330348192174
MMR,Myanmar (Burma),hypoph_carp,grain,14553.98315292783
MMR,Myanmar (Burma),hypoph_carp,oil,0
NGA,Nigeria,tilapia,soy,12213.149934163346
NGA,Nigeria,tilapia,grain,14127.54886132408
NGA,Nigeria,tilapia,oil,6520.407166764961
ZMB,Zambia,tilapia,soy,11631.868168636134
ZMB,Zambia,tilapia,grain,13455.151765656641
ZMB,Zambia,tilapia,oil,6210.07004568768
DNK,Denmark,trout,soy,1162.7500763138264
DNK,Denmark,trout,grain,12146.74995998596
DNK,Denmark,trout,oil,0
USA,United States,trout,soy,1089.203458317106
USA,United States,trout,grain,11378.440073444484
USA,United States,trout,oil,0
LAO,Laos,hypoph_carp,soy,1478.3043139184626
LAO,Laos,hypoph_carp,grain,11831.083443479318
LAO,Laos,hypoph_carp,oil,0
POL,Poland,oth_carp,soy,7300.26952575537
POL,Poland,oth_carp,grain,5766.2126053102465
POL,Poland,oth_carp,oil,18629.30226331003
CZE,Czechia,oth_carp,soy,7260.532444355456
CZE,Czechia,oth_carp,grain,5734.825755981186
CZE,Czechia,oth_carp,oil,18527.898596246912
TWN,Taiwan,milkfish,soy,3982.398769479532
TWN,Taiwan,milkfish,grain,25246.047398452258
TWN,Taiwan,milkfish,oil,0
ECU,Ecuador,tilapia,soy,10297.765543139418
ECU,Ecuador,tilapia,grain,11911.929899935989
ECU,Ecuador,tilapia,oil,5497.813799970457
BRA,Brazil,oth_carp,soy,7140.023879060109
BRA,Brazil,oth_carp,grain,5639.640502094005
BRA,Brazil,oth_carp,oil,18220.377006765244
COL,Colombia,trout,soy,957.7526000319223
COL,Colombia,trout,grain,10005.229492648337
COL,Colombia,trout,oil,0
ESP,Spain,trout,soy,928.0153971833437
ESP,Spain,trout,grain,9694.577724164967
ESP,Spain,trout,oil,0
CRI,Costa Rica,tilapia,soy,9078.293307767643
CRI,Costa Rica,tilapia,grain,10501.306622311988
CRI,Costa Rica,tilapia,oil,4846.7569026055335
UZB,Uzbekistan,oth_carp,soy,6259.536441471945
UZB,Uzbekistan,oth_carp,grain,4944.176075263426
UZB,Uzbekistan,oth_carp,oil,15973.491935466454
CUB,Cuba,hypoph_carp,soy,1175.5536243231202
CUB,Cuba,hypoph_carp,grain,9408.125844391257
CUB,Cuba,hypoph_carp,oil,0
POL,Poland,trout,soy,846.938703214475
POL,Poland,trout,grain,8847.60437255338
POL,Poland,trout,oil,0
LKA,Sri Lanka,tilapia,soy,8231.708582589548
LKA,Sri Lanka,tilapia,grain,9522.020595801461
LKA,Sri Lanka,tilapia,oil,4394.778736523752
PHL,Philippines,hypoph_carp,soy,1100.378833012787
PHL,Philippines,hypoph_carp,grain,8806.491106222082
PHL,Philippines,hypoph_carp,oil,0
HUN,Hungary,oth_carp,soy,4852.919449593896
HUN,Hungary,oth_carp,grain,3833.1413934895986
HUN,Hungary,oth_carp,oil,12383.99527127409
JPN,Japan,trout,soy,696.6072206077454
JPN,Japan,trout,grain,7277.156029839123
JPN,Japan,trout,oil,0
NPL,Nepal,hypoph_carp,soy,938.2706972013098
NPL,Nepal,hypoph_carp,grain,7509.116226371568
NPL,Nepal,hypoph_carp,oil,0
MWI,Malawi,tilapia,soy,6079.367186541379
MWI,Malawi,tilapia,grain,7032.301857979051
MWI,Malawi,tilapia,oil,3245.677780605716
ARM,Armenia,trout,soy,598.5267681001784
ARM,Armenia,trout,grain,6252.551725921497
ARM,Armenia,trout,oil,0
DEU,Germany,trout,soy,597.75837059872
DEU,Germany,trout,grain,6244.524607703898
DEU,Germany,trout,oil,0
MYS,Malaysia,oth_carp,soy,4036.4510992797495
MYS,Malaysia,oth_carp,grain,3188.243273384758
MYS,Malaysia,oth_carp,oil,10300.47826785845
GBR,United Kingdom,trout,soy,574.5060035781629
GBR,United Kingdom,trout,grain,6001.617130052354
GBR,United Kingdom,trout,oil,0
UZB,Uzbekistan,catfish,soy,5615.659110173306
UZB,Uzbekistan,catfish,grain,5456.503691864216
UZB,Uzbekistan,catfish,oil,3164.1264011993676
ZWE,Zimbabwe,tilapia,soy,5539.113886888676
ZWE,Zimbabwe,tilapia,grain,6407.364398807673
ZWE,Zimbabwe,tilapia,oil,2957.2451071420032
KEN,Kenya,tilapia,soy,5357.548020733322
KEN,Kenya,tilapia,grain,6197.338266361434
KEN,Kenya,tilapia,oil,2860.3099690898925
SWE,Sweden,trout,soy,538.8113051297066
SWE,Sweden,trout,grain,5628.729967296776
SWE,Sweden,trout,oil,0
GTM,Guatemala,tilapia,soy,5296.8454027948155
GTM,Guatemala,tilapia,grain,6127.120574319704
GTM,Guatemala,tilapia,oil,2827.901803532172
UKR,Ukraine,oth_carp,soy,3642.1873465977014
UKR,Ukraine,oth_carp,grain,2876.8289327893112
UKR,Ukraine,oth_carp,oil,9294.37039824239
USA,United States,tilapia,soy,5184.111969480448
USA,United States,tilapia,grain,5996.716289099353
USA,United States,tilapia,oil,2767.7152103535477
MEX,Mexico,trout,soy,521.3762011650109
MEX,Mexico,trout,grain,5446.592934842726
MEX,Mexico,trout,oil,0
CAN,Canada,trout,soy,511.86250704284845
CAN,Canada,trout,grain,5347.207464093891
CAN,Canada,trout,oil,0
BLR,Belarus,oth_carp,soy,3464.3166012838074
BLR,Belarus,oth_carp,grain,2736.3354167449456
BLR,Belarus,oth_carp,oil,8840.468269483672
TZA,Tanzania,tilapia,soy,4877.888941487092
TZA,Tanzania,tilapia,grain,5642.493110495993
TZA,Tanzania,tilapia,oil,2604.227589459689
LKA,Sri Lanka,oth_carp,soy,2969.3061015591825
LKA,Sri Lanka,oth_carp,grain,2345.344950817221
LKA,Sri Lanka,oth_carp,oil,7577.268302640254
UKR,Ukraine,hypoph_carp,soy,584.5637629894719
UKR,Ukraine,hypoph_carp,grain,4678.3484245072505
UKR,Ukraine,hypoph_carp,oil,0
SAU,Saudi Arabia,tilapia,soy,4078.457142743374
SAU,Saudi Arabia,tilapia,grain,4717.751184053595
SAU,Saudi Arabia,tilapia,oil,2177.423623409352
ISR,Israel,tilapia,soy,3999.8689320194153
ISR,Israel,tilapia,grain,4626.844350606714
ISR,Israel,tilapia,oil,2135.466623356946
SLV,El Salvador,tilapia,soy,3859.49412803662
SLV,El Salvador,tilapia,grain,4464.465937760219
SLV,El Salvador,tilapia,oil,2060.5227405047167
FRA,France,oth_carp,soy,2686.9835994226605
FRA,France,oth_carp,grain,2122.348859393611
FRA,France,oth_carp,oil,6856.81939188705
AFG,Afghanistan,oth_carp,soy,2630.2163402799283
AFG,Afghanistan,oth_carp,grain,2077.5105032092392
AFG,Afghanistan,oth_carp,oil,6711.95701036831
PRY,Paraguay,tilapia,soy,3691.477953385398
PRY,Paraguay,tilapia,grain,4270.113397287579
PRY,Paraguay,tilapia,oil,1970.821567978883
CUB,Cuba,catfish,soy,3640.4402844273773
CUB,Cuba,catfish,grain,3537.2652545813407
CUB,Cuba,catfish,oil,2051.1952363844457
KHM,Cambodia,tilapia,soy,3522.919791074011
KHM,Cambodia,tilapia,grain,4075.1339131359955
KHM,Cambodia,tilapia,oil,1880.831036831998
TWN,Taiwan,misc_diad,soy,92.57370771689169
TWN,Taiwan,misc_diad,grain,2758.367166370154
TWN,Taiwan,misc_diad,oil,742.6373140227338
MDA,Moldova,hypoph_carp,soy,467.2120445187712
MDA,Moldova,hypoph_carp,grain,3739.1656321751343
MDA,Moldova,hypoph_carp,oil,0
PRK,North Korea,catfish,soy,3246.0457284238755
PRK,North Korea,catfish,grain,3154.0483768001254
PRK,North Korea,catfish,oil,1828.9747983811374
MDA,Moldova,oth_carp,soy,2208.246380652285
MDA,Moldova,oth_carp,grain,1744.212055572073
MDA,Moldova,oth_carp,oil,5635.146641079006
KOR,South Korea,catfish,soy,3093.4815791879537
KOR,South Korea,catfish,grain,3005.808103090519
KOR,South Korea,catfish,oil,1743.0129828572235
ROU,Romania,oth_carp,soy,2094.598327848535
ROU,Romania,oth_carp,grain,1654.4456664909605
ROU,Romania,oth_carp,oil,5345.132153278488
ECU,Ecuador,trout,soy,301.8704470014655
ECU,Ecuador,trout,grain,3153.510728341883
ECU,Ecuador,trout,oil,0
PHL,Philippines,catfish,soy,2897.14991338045
PHL,Philippines,catfish,grain,2815.0407437670583
PHL,Philippines,catfish,oil,1632.3904904684712
BGR,Bulgaria,oth_carp,soy,1914.607893078251
BGR,Bulgaria,oth_carp,grain,1512.2778862266703
BGR,Bulgaria,oth_carp,oil,4885.820863193858
SDN,Sudan,tilapia,soy,2709.938300826162
SDN,Sudan,tilapia,grain,3134.718394719997
SDN,Sudan,tilapia,oil,1446.7931052553831
DEU,Germany,oth_carp,soy,1790.4393533617756
DEU,Germany,oth_carp,grain,1414.2017540550946
DEU,Germany,oth_carp,oil,4568.959513101076
ISL,Iceland,trout,soy,254.01025976777856
ISL,Iceland,trout,grain,2653.5359365029517
ISL,Iceland,trout,oil,0
ROU,Romania,hypoph_carp,soy,348.8292842128018
ROU,Romania,hypoph_carp,grain,2791.7312627678984
ROU,Romania,hypoph_carp,oil,0
VEN,Venezuela,catfish,soy,2369.6133817494297
VEN,Venezuela,catfish,grain,2302.4553150640913
VEN,Venezuela,catfish,oil,1335.1516028182302
GHA,Ghana,catfish,soy,2274.9370480037337
GHA,Ghana,catfish,grain,2210.462237407421
GHA,Ghana,catfish,oil,1281.8065045321139
HUN,Hungary,catfish,soy,2269.5810725518345
HUN,Hungary,catfish,grain,2205.2580575857014
HUN,Hungary,catfish,oil,1278.7886961147851
ISR,Israel,oth_carp,soy,1545.961690653742
ISR,Israel,oth_carp,grain,1221.0979000877323
ISR,Israel,oth_carp,oil,3945.0855233603666
SDN,Sudan,catfish,soy,2164.0304856159178
SDN,Sudan,catfish,grain,2102.69891786675
SDN,Sudan,catfish,oil,1219.3165322540915
SRB,Serbia,oth_carp,soy,1446.8460561905315
SRB,Serbia,oth_carp,grain,1142.810130189819
SRB,Serbia,oth_carp,oil,3692.155805228645
ARM,Armenia,tilapia,soy,2058.469133307553
ARM,Armenia,tilapia,grain,2381.1320926293092
ARM,Armenia,tilapia,oil,1098.9840427519891
KOR,South Korea,trout,soy,198.356326447872
KOR,South Korea,trout,grain,2072.1432313141026
KOR,South Korea,trout,oil,0
MDG,Madagascar,oth_carp,soy,1328.353863939935
MDG,Madagascar,oth_carp,grain,1049.2175347143063
MDG,Madagascar,oth_carp,oil,3389.7797275385283
MLI,Mali,tilapia,soy,1850.3458718041036
MLI,Mali,tilapia,grain,2140.3857199148138
MLI,Mali,tilapia,oil,987.8703322683757
PRK,North Korea,oth_carp,soy,1286.7245405685978
PRK,North Korea,oth_carp,grain,1016.3360735124332
PRK,North Korea,oth_carp,oil,3283.5473144247853
PRY,Paraguay,catfish,soy,1780.4560820404963
PRY,Paraguay,catfish,grain,1729.9955346748688
PRY,Paraguay,catfish,oil,1003.192676912054
BGR,Bulgaria,trout,soy,178.7559880951385
BGR,Bulgaria,trout,grain,1867.386926454038
BGR,Bulgaria,trout,oil,0
MEX,Mexico,catfish,soy,1744.444450729362
MEX,Mexico,catfish,grain,1695.0045219826484
MEX,Mexico,catfish,oil,982.9020304988136
COD,Congo - Kinshasa,tilapia,soy,1734.360512528744
COD,Congo - Kinshasa,tilapia,grain,2006.2197726207978
COD,Congo - Kinshasa,tilapia,oil,925.9475873634452
RWA,Rwanda,tilapia,soy,1734.360512528744
RWA,Rwanda,tilapia,grain,2006.2197726207978
RWA,Rwanda,tilapia,oil,925.9475873634452
CIV,Côte d’Ivoire,tilapia,soy,1707.2611295204822
CIV,Côte d’Ivoire,tilapia,grain,1974.8725886735979
CIV,Côte d’Ivoire,tilapia,oil,911.4796563108915
RUS,Russia,catfish,soy,1685.7797482948
RUS,Russia,catfish,grain,1638.0024570181984
RUS,Russia,catfish,oil,949.8475786259372
CHL,Chile,trout,soy,170.61772550058646
CHL,Chile,trout,grain,1782.3699973147022
CHL,Chile,trout,oil,0
MEX,Mexico,oth_carp,soy,1170.1624351288547
MEX,Mexico,oth_carp,grain,924.2679821471896
MEX,Mexico,oth_carp,oil,2986.096557706305
PER,Peru,catfish,soy,1666.1898623237616
PER,Peru,catfish,grain,1618.9677750642095
PER,Peru,catfish,oil,938.8097157177071
NLD,Netherlands,catfish,soy,1660.8933977102167
NLD,Netherlands,catfish,grain,1613.8214194627305
NLD,Netherlands,catfish,oil,935.8254385050153
LTU,Lithuania,oth_carp,soy,1152.0536794623229
LTU,Lithuania,oth_carp,grain,909.9645465243748
LTU,Lithuania,oth_carp,oil,2939.885458001826
PER,Peru,tilapia,soy,1648.6614237034173
PER,Peru,tilapia,grain,1907.0874381061728
PER,Peru,tilapia,oil,880.1942022028489
BIH,Bosnia & Herzegovina,trout,soy,166.81909756659167
BIH,Bosnia & Herzegovina,trout,grain,1742.6873650404216
BIH,Bosnia & Herzegovina,trout,oil,0
JPN,Japan,oth_carp,soy,1141.0219087689186
JPN,Japan,oth_carp,grain,901.2509593058784
JPN,Japan,oth_carp,oil,2911.7338685266845
PAK,Pakistan,catfish,soy,1622.481856590534
PAK,Pakistan,catfish,grain,1576.4985136705957
PAK,Pakistan,catfish,oil,914.182570057505
TWN,Taiwan,catfish,soy,1597.7448241094585
TWN,Taiwan,catfish,grain,1552.4625623404609
TWN,Taiwan,catfish,oil,900.2445627773086
ISR,Israel,catfish,soy,1568.9221020715404
ISR,Israel,catfish,grain,1524.4567154533938
ISR,Israel,catfish,oil,884.0044858842165
BEN,Benin,tilapia,soy,1503.2352947278819
BEN,Benin,tilapia,grain,1738.8659101719186
BEN,Benin,tilapia,oil,802.5534970024241
TWN,Taiwan,trout,soy,152.19309021061991
TWN,Taiwan,trout,grain,1589.8957566931485
TWN,Taiwan,trout,oil,0
AUT,Austria,trout,soy,148.22387803130138
AUT,Austria,trout,grain,1548.4311041745616
AUT,Austria,trout,oil,0
POL,Poland,catfish,soy,1453.6874787124925
POL,Poland,catfish,grain,1412.4879980769892
POL,Poland,catfish,oil,819.0758805416859
RUS,Russia,tilapia,soy,1433.0153734768742
RUS,Russia,tilapia,grain,1657.639087127934
RUS,Russia,tilapia,oil,765.0641940590466
IRN,Iran,tilapia,soy,1418.9236943125784
IRN,Iran,tilapia,grain,1641.3385514753902
IRN,Iran,tilapia,oil,757.5408699117186
BGR,Bulgaria,hypoph_carp,soy,191.29265364473855
BGR,Bulgaria,hypoph_carp,grain,1530.9428012129301
BGR,Bulgaria,hypoph_carp,oil,0
LAO,Laos,catfish,soy,1352.5190535099487
LAO,Laos,catfish,grain,1314.1868236667187
LAO,Laos,catfish,oil,762.0728326588071
KOR,South Korea,oth_carp,soy,915.4666657751292
KOR,South Korea,oth_carp,grain,723.0932240666401
KOR,South Korea,oth_carp,oil,2336.1473392922226
NPL,Nepal,catfish,soy,1298.4182913695506
NPL,Nepal,catfish,grain,1261.61935072005
NPL,Nepal,catfish,oil,731.5899193524549
UKR,Ukraine,catfish,soy,1250.5932176374388
UKR,Ukraine,catfish,grain,1215.149704635195
UKR,Ukraine,catfish,oil,704.6430239896395
HRV,Croatia,oth_carp,soy,836.1060374935895
HRV,Croatia,oth_carp,grain,660.409202120888
HRV,Croatia,oth_carp,oil,2133.629729929023
FIN,Finland,trout,soy,114.85347225368483
FIN,Finland,trout,grain,1199.8248272960407
FIN,Finland,trout,oil,0
ROU,Romania,trout,soy,114.10428468976303
ROU,Romania,trout,grain,1191.998387033883
ROU,Romania,trout,oil,0
BRA,Brazil,trout,soy,112.47105580041347
BRA,Brazil,trout,grain,1174.9367472623799
BRA,Brazil,trout,oil,0
ARG,Argentina,catfish,soy,1091.1041708475457
ARG,Argentina,catfish,grain,1060.1807943884155
ARG,Argentina,catfish,oil,614.779395562513
TZA,Tanzania,catfish,soy,1082.0152428079589
TZA,Tanzania,catfish,grain,1051.349458933375
TZA,Tanzania,catfish,oil,609.6582661270457
GRC,Greece,trout,soy,109.15086508214806
GRC,Greece,trout,grain,1140.252142809728
GRC,Greece,trout,oil,0
TWN,Taiwan,oth_carp,soy,733.0734621495302
TWN,Taiwan,oth_carp,grain,579.0275856462526
TWN,Taiwan,oth_carp,oil,1870.7045074725088
DEU,Germany,catfish,soy,1040.8986635812564
DEU,Germany,catfish,grain,1011.3981794939067
DEU,Germany,catfish,oil,586.4912520142179
MDG,Madagascar,tilapia,soy,1018.936801110637
MDG,Madagascar,tilapia,grain,1178.6541164147186
MDG,Madagascar,tilapia,oil,543.9942075760241
MOZ,Mozambique,tilapia,soy,994.5473564032014
MOZ,Mozambique,tilapia,grain,1150.4416508622387
MOZ,Mozambique,tilapia,oil,530.9730696287255
BOL,Bolivia,catfish,soy,990.0439471692822
BOL,Bolivia,catfish,grain,961.9847549240382
BOL,Bolivia,catfish,oil,557.8373135062469
LSO,Lesotho,trout,soy,98.79396447320687
LSO,Lesotho,trout,grain,1032.0580565482526
LSO,Lesotho,trout,oil,0
BEN,Benin,catfish,soy,950.0634839475283
BEN,Benin,catfish,grain,923.13739241645
BEN,Benin,catfish,oil,535.3104405728526
CUB,Cuba,oth_carp,soy,653.2019285357059
CUB,Cuba,oth_carp,grain,515.9400184948412
CUB,Cuba,oth_carp,oil,1666.8831366756406
NZL,New Zealand,trout,soy,90.89044731535033
NZL,New Zealand,trout,grain,949.4934120243925
NZL,New Zealand,trout,oil,0
BOL,Bolivia,trout,soy,90.56113410043965
BOL,Bolivia,trout,grain,946.053218502565
BOL,Bolivia,trout,oil,0
MYS,Malaysia,hypoph_carp,soy,121.98725842648797
MYS,Malaysia,hypoph_carp,grain,976.2816897013116
MYS,Malaysia,hypoph_carp,oil,0
DZA,Algeria,oth_carp,soy,609.6561424957104
DZA,Algeria,oth_carp,grain,481.544814388184
DZA,Algeria,oth_carp,oil,1555.7601695618255
KEN,Kenya,catfish,soy,868.8582399747909
KEN,Kenya,catfish,grain,844.2336155235002
KEN,Kenya,catfish,oil,489.5555877000178
ARM,Armenia,oth_carp,soy,586.5950111415667
ARM,Armenia,oth_carp,grain,463.32968057184456
ARM,Armenia,oth_carp,oil,1496.9112756936518
ITA,Italy,catfish,soy,818.0035235628169
ITA,Italy,catfish,grain,794.8201909536316
ITA,Italy,catfish,oil,460.9016491920466
BDI,Burundi,tilapia,soy,747.9429710280206
BDI,Burundi,tilapia,grain,865.182276942719
BDI,Burundi,tilapia,oil,399.31489705048574
ARG,Argentina,trout,soy,74.88856934748175
ARG,Argentina,trout,grain,782.3286751429241
ARG,Argentina,trout,oil,0
CHE,Switzerland,trout,soy,73.87593121163137
CHE,Switzerland,trout,grain,771.7500800633045
CHE,Switzerland,trout,oil,0
CMR,Cameroon,tilapia,soy,710.5458224766197
CMR,Cameroon,tilapia,grain,821.9231630955832
CMR,Cameroon,tilapia,oil,379.3491521979615
CAN,Canada,catfish,soy,705.4739383107891
CAN,Canada,catfish,grain,685.4798472245606
CAN,Canada,catfish,oil,397.4971895148338
AGO,Angola,tilapia,soy,704.0419705546368
AGO,Angola,tilapia,grain,814.399838948255
AGO,Angola,tilapia,oil,375.8768487453485
KAZ,Kazakhstan,catfish,soy,696.8178163683253
KAZ,Kazakhstan,catfish,grain,677.0690515530935
KAZ,Kazakhstan,catfish,oil,392.61992338581746
MKD,North Macedonia,trout,soy,69.57839375704687
MKD,North Macedonia,trout,grain,726.8555546034555
MKD,North Macedonia,trout,oil,0
ZAF,South Africa,trout,soy,68.60691977306033
ZAF,South Africa,trout,grain,716.7069837140642
ZAF,South Africa,trout,oil,0
BGR,Bulgaria,catfish,soy,664.2129100491717
BGR,Bulgaria,catfish,grain,645.3882126323247
BGR,Bulgaria,catfish,oil,374.24878602347815
PNG,Papua New Guinea,tilapia,soy,650.3851921982789
PNG,Papua New Guinea,tilapia,grain,752.3324147327992
PNG,Papua New Guinea,tilapia,oil,347.2303452612919
CMR,Cameroon,catfish,soy,637.3069780138877
CMR,Cameroon,catfish,grain,619.2448313117579
CMR,Cameroon,catfish,oil,359.08871874882993
AUS,Australia,catfish,soy,606.4424932127906
AUS,Australia,catfish,grain,589.2550879956834
AUS,Australia,catfish,oil,341.698216707556
JAM,Jamaica,tilapia,soy,591.3085372402686
JAM,Jamaica,tilapia,grain,683.9955537279034
JAM,Jamaica,tilapia,oil,315.6902555667246
HUN,Hungary,hypoph_carp,soy,82.05343179142324
HUN,Hungary,hypoph_carp,grain,656.6854937837322
HUN,Hungary,hypoph_carp,oil,0
GEO,Georgia,trout,soy,59.55080636301637
GEO,Georgia,trout,grain,622.1016618638079
GEO,Georgia,trout,oil,0
DOM,Dominican Republic,tilapia,soy,569.087043173494
DOM,Dominican Republic,tilapia,grain,658.2908628911993
DOM,Dominican Republic,tilapia,oil,303.8265521036305
CZE,Czechia,catfish,soy,559.4018805317146
CZE,Czechia,catfish,grain,543.5476702685548
CZE,Czechia,catfish,oil,315.1933235876827
SVK,Slovakia,trout,soy,56.54856755374725
SVK,Slovakia,trout,grain,590.7385642564803
SVK,Slovakia,trout,oil,0
HTI,Haiti,tilapia,soy,552.827413368537
HTI,Haiti,tilapia,grain,639.4825525228792
HTI,Haiti,tilapia,oil,295.14579347209815
SYR,Syria,oth_carp,soy,379.58373946773645
SYR,Syria,oth_carp,grain,299.8191416861678
SYR,Syria,oth_carp,oil,968.6464577553116
ITA,Italy,tilapia,soy,542.5296478253975
ITA,Italy,tilapia,grain,627.5706226229432
ITA,Italy,tilapia,oil,289.6479796721277
LBN,Lebanon,trout,soy,54.88553581844826
LBN,Lebanon,trout,grain,573.3655869712513
LBN,Lebanon,trout,oil,0
SVK,Slovakia,catfish,soy,506.336606978684
SVK,Slovakia,catfish,grain,491.9863387540854
SVK,Slovakia,catfish,oil,285.293853242014
SRB,Serbia,trout,soy,50.37284706345544
SRB,Serbia,trout,grain,526.2234684104751
SRB,Serbia,trout,oil,0
IRQ,Iraq,hypoph_carp,soy,67.88132053707227
IRQ,Iraq,hypoph_carp,grain,543.2640356699687
IRQ,Iraq,hypoph_carp,oil,0
KGZ,Kyrgyzstan,oth_carp,soy,340.6035548563936
KGZ,Kyrgyzstan,oth_carp,grain,269.0301371062324
KGZ,Kyrgyzstan,oth_carp,oil,869.174289112443
MWI,Malawi,catfish,soy,486.90685926358145
MWI,Malawi,catfish,grain,473.1072565200188
MWI,Malawi,catfish,oil,274.34621975717056
HKG,Hong Kong SAR China,catfish,soy,472.840661107078
HKG,Hong Kong SAR China,catfish,grain,459.43971355388493
HKG,Hong Kong SAR China,catfish,oil,266.420662297519
IND,India,trout,soy,46.65270544568102
IND,India,trout,grain,487.3607489255637
IND,India,trout,oil,0
SYR,Syria,tilapia,soy,457.9795728396214
SYR,Syria,tilapia,grain,529.7674087076794
SYR,Syria,tilapia,oil,244.5080347881598
HKG,Hong Kong SAR China,oth_carp,soy,319.4104447764402
HKG,Hong Kong SAR China,oth_carp,grain,252.29048413073346
HKG,Hong Kong SAR China,oth_carp,oil,815.0923333454466
SVN,Slovenia,trout,soy,44.967719496054656
SVN,Slovenia,trout,grain,469.7584254055463
SVN,Slovenia,trout,oil,0
CRI,Costa Rica,trout,soy,43.90842865475861
CRI,Costa Rica,trout,grain,458.69246957700113
CRI,Costa Rica,trout,oil,0
CZE,Czechia,trout,soy,43.249802224937234
CZE,Czechia,trout,grain,451.8120825333462
CZE,Czechia,trout,oil,0
JOR,Jordan,oth_carp,soy,291.405263599359
JOR,Jordan,oth_carp,grain,230.17022841310995
JOR,Jordan,oth_carp,oil,743.6268917962013
KGZ,Kyrgyzstan,trout,soy,41.438579542928444
KGZ,Kyrgyzstan,trout,grain,432.89101816329486
KGZ,Kyrgyzstan,trout,oil,0
POL,Poland,tilapia,soy,401.07086852227195
POL,Poland,tilapia,grain,463.9383224185595
POL,Poland,tilapia,oil,214.12537957779674
TUN,Tunisia,catfish,soy,382.4923883326135
TUN,Tunisia,catfish,grain,371.6520337329481
TUN,Tunisia,catfish,oil,215.5141970759107
EST,Estonia,trout,soy,38.541172107072555
EST,Estonia,trout,grain,402.62304882708247
EST,Estonia,trout,oil,0
FRA,France,catfish,soy,378.70533498278564
FRA,France,catfish,grain,367.97231062668135
FRA,France,catfish,oil,213.38039314446604
USA,United States,misc_diad,soy,10.108298927770521
USA,United States,misc_diad,grain,301.19134857908705
USA,United States,misc_diad,oil,81.08997846360036
MNE,Montenegro,trout,soy,37.9807907863662
MNE,Montenegro,trout,grain,396.76898618410604
MNE,Montenegro,trout,oil,0
PRY,Paraguay,oth_carp,soy,256.96645971943474
PRY,Paraguay,oth_carp,grain,202.9682923279242
PRY,Paraguay,oth_carp,oil,655.743713674832
CZE,Czechia,hypoph_carp,soy,50.98641409228983
CZE,Czechia,hypoph_carp,grain,408.05165345877646
CZE,Czechia,hypoph_carp,oil,0
AUT,Austria,oth_carp,soy,250.7220612137342
AUT,Austria,oth_carp,grain,198.0360731476433
AUT,Austria,oth_carp,oil,639.8088517077706
PRT,Portugal,trout,soy,35.93081602354715
PRT,Portugal,trout,grain,375.35378151072973
PRT,Portugal,trout,oil,0
POL,Poland,hypoph_carp,soy,49.100821855148936
POL,Poland,hypoph_carp,grain,392.96098580127733
POL,Poland,hypoph_carp,oil,0
SVK,Slovakia,oth_carp,soy,245.99145628517314
SVK,Slovakia,oth_carp,grain,194.29954346561223
SVK,Slovakia,oth_carp,oil,627.7369865812088
IRL,Ireland,trout,soy,35.51094167453602
IRL,Ireland,trout,grain,370.9675347703997
IRL,Ireland,trout,oil,0
KAZ,Kazakhstan,oth_carp,soy,244.09921431374872
KAZ,Kazakhstan,oth_carp,grain,192.80493159279987
KAZ,Kazakhstan,oth_carp,oil,622.9082405305842
TUN,Tunisia,oth_carp,soy,238.80093679376037
TUN,Tunisia,oth_carp,grain,188.62001834892516
TUN,Tunisia,oth_carp,oil,609.3877515888352
KEN,Kenya,trout,soy,33.91926113580103
KEN,Kenya,trout,grain,354.3399327482334
KEN,Kenya,trout,oil,0
LVA,Latvia,oth_carp,soy,233.69188347091452
LVA,Latvia,oth_carp,grain,184.58456629233166
LVA,Latvia,oth_carp,oil,596.3501372521486
ALB,Albania,trout,soy,32.93132149106896
ALB,Albania,trout,grain,344.0193521827508
ALB,Albania,trout,oil,0
CIV,Côte d’Ivoire,catfish,soy,313.7844204143081
CIV,Côte d’Ivoire,catfish,grain,304.8913430906788
CIV,Côte d’Ivoire,catfish,oil,176.8008971768433
HKG,Hong Kong SAR China,hypoph_carp,soy,43.36862145424061
HKG,Hong Kong SAR China,hypoph_carp,grain,347.08535612247994
HKG,Hong Kong SAR China,hypoph_carp,oil,0
COG,Congo - Brazzaville,tilapia,soy,304.59706501286064
COG,Congo - Brazzaville,tilapia,grain,352.3423475665276
COG,Congo - Brazzaville,tilapia,oil,162.61954503070507
KAZ,Kazakhstan,tilapia,soy,301.34513905186924
KAZ,Kazakhstan,tilapia,grain,348.58068549286367
KAZ,Kazakhstan,tilapia,oil,160.88339330439862
ITA,Italy,oth_carp,soy,208.90351364525472
ITA,Italy,oth_carp,grain,165.00515075848918
ITA,Italy,oth_carp,oil,533.093563988965
NPL,Nepal,tilapia,soy,298.09321309087784
NPL,Nepal,tilapia,grain,344.81902341919954
NPL,Nepal,tilapia,oil,159.14724157809215
HRV,Croatia,hypoph_carp,soy,41.43023263445977
HRV,Croatia,hypoph_carp,grain,331.57214977057095
HRV,Croatia,hypoph_carp,oil,0
DOM,Dominican Republic,catfish,soy,289.439077451129
DOM,Dominican Republic,catfish,grain,281.2359802646778
DOM,Dominican Republic,catfish,oil,163.08358618898475
BLR,Belarus,trout,soy,29.072868323032047
BLR,Belarus,trout,grain,303.7117514186719
BLR,Belarus,trout,oil,0
MLI,Mali,catfish,soy,270.5038107019897
MLI,Mali,catfish,grain,262.83736473334375
MLI,Mali,catfish,oil,152.41456653176144
SYR,Syria,catfish,soy,270.5038107019897
SYR,Syria,catfish,grain,262.83736473334375
SYR,Syria,catfish,oil,152.41456653176144
TWN,Taiwan,hypoph_carp,soy,36.027256638156246
TWN,Taiwan,hypoph_carp,grain,288.3313506647729
TWN,Taiwan,hypoph_carp,oil,0
AUT,Austria,catfish,soy,255.6261011133803
AUT,Austria,catfish,grain,248.38130967300984
AUT,Austria,catfish,oil,144.03176537251457
BIH,Bosnia & Herzegovina,oth_carp,soy,177.11384852532467
BIH,Bosnia & Herzegovina,oth_carp,grain,139.89567129524085
BIH,Bosnia & Herzegovina,oth_carp,oil,451.9706303384704
USA,United States,oth_carp,soy,174.4647097653305
USA,United States,oth_carp,grain,137.80321467330347
USA,United States,oth_carp,oil,445.21038586759585
CUB,Cuba,tilapia,soy,243.35245941418933
CUB,Cuba,tilapia,grain,281.4977118458557
CUB,Cuba,tilapia,oil,129.9220208519334
GEO,Georgia,oth_carp,soy,168.78798385105728
GEO,Georgia,oth_carp,grain,133.31937905486626
GEO,Georgia,oth_carp,oil,430.7241477157218
KHM,Cambodia,hypoph_carp,soy,31.677949583967056
KHM,Cambodia,hypoph_carp,grain,253.5232166459854
KHM,Cambodia,hypoph_carp,oil,0
ZAF,South Africa,tilapia,soy,217.8790393864234
ZAF,South Africa,tilapia,grain,252.03135893548773
ZAF,South Africa,tilapia,oil,116.3221656625328
ISR,Israel,trout,soy,21.954214327379304
ISR,Israel,trout,grain,229.34623478850057
ISR,Israel,trout,oil,0
KGZ,Kyrgyzstan,hypoph_carp,soy,30.169475794254335
KGZ,Kyrgyzstan,hypoph_carp,grain,241.4506825199861
KGZ,Kyrgyzstan,hypoph_carp,oil,0
HRV,Croatia,trout,soy,21.707229416196284
HRV,Croatia,trout,grain,226.76608964712992
HRV,Croatia,trout,oil,0
GUY,Guyana,catfish,soy,197.88327566569075
GUY,Guyana,catfish,grain,192.27499444757134
GUY,Guyana,catfish,oil,111.49674234237864
PNG,Papua New Guinea,oth_carp,soy,132.45693799970863
PNG,Papua New Guinea,oth_carp,grain,104.62283109686814
PNG,Papua New Guinea,oth_carp,oil,338.0122235437279
UKR,Ukraine,trout,soy,18.89160142870989
UKR,Ukraine,trout,grain,197.35243503550473
UKR,Ukraine,trout,oil,0
GIN,Guinea,tilapia,soy,185.90176743667476
GIN,Guinea,tilapia,grain,215.04168187779177
GIN,Guinea,tilapia,oil,99.25000702051929
AZE,Azerbaijan,oth_carp,soy,128.6724540568598
AZE,Azerbaijan,oth_carp,grain,101.63360735124334
AZE,Azerbaijan,oth_carp,oil,328.3547314424785
GEO,Georgia,hypoph_carp,soy,25.342359667173643
GEO,Georgia,hypoph_carp,grain,202.8185733167883
GEO,Georgia,hypoph_carp,oil,0
DZA,Algeria,catfish,soy,178.67642309060665
DZA,Algeria,catfish,grain,173.61249020204502
DZA,Algeria,catfish,oil,100.67469846035745
BGR,Bulgaria,tilapia,soy,174.67828696997307
BGR,Bulgaria,tilapia,grain,202.05893217421942
BGR,Bulgaria,tilapia,oil,93.25796869579358
FRA,France,tilapia,soy,173.83712212139665
FRA,France,tilapia,grain,201.08591558449834
FRA,France,tilapia,oil,92.80888411592231
NPL,Nepal,trout,soy,17.288943782811206
NPL,Nepal,trout,grain,180.6101598959442
NPL,Nepal,trout,oil,0
LTU,Lithuania,catfish,soy,169.76278152035468
LTU,Lithuania,catfish,grain,164.9514733593519
LTU,Lithuania,catfish,oil,95.65233366400285
AZE,Azerbaijan,trout,soy,17.124287175355857
AZE,Azerbaijan,trout,grain,178.89006313503046
AZE,Azerbaijan,trout,oil,0
ROU,Romania,catfish,soy,165.9108072559584
ROU,Romania,catfish,grain,161.20866928554906
ROU,Romania,catfish,oil,93.48195023659056
CHE,Switzerland,catfish,soy,165.00732452821373
CHE,Switzerland,catfish,grain,160.33079248733972
CHE,Switzerland,catfish,oil,92.9728855843745
BLR,Belarus,hypoph_carp,soy,22.777954224662025
BLR,Belarus,hypoph_carp,grain,182.2952653025895
BLR,Belarus,hypoph_carp,oil,0
MAR,Morocco,tilapia,soy,162.59629804956973
MAR,Morocco,tilapia,grain,188.0831036831998
MAR,Morocco,tilapia,oil,86.80758631532298
DEU,Germany,tilapia,soy,159.88635974874356
DEU,Germany,tilapia,grain,184.94838528847978
DEU,Germany,tilapia,oil,85.36079321006763
KAZ,Kazakhstan,trout,soy,15.75214877989465
KAZ,Kazakhstan,trout,grain,164.55592346074914
KAZ,Kazakhstan,trout,oil,0
THA,Thailand,hypoph_carp,soy,20.13812509266477
THA,Thailand,hypoph_carp,grain,161.1683305820907
THA,Thailand,hypoph_carp,oil,0
DNK,Denmark,catfish,soy,143.36701967205454
DNK,Denmark,catfish,grain,139.3038033086722
DNK,Denmark,catfish,oil,80.77972026183356
SEN,Senegal,tilapia,soy,140.91679164296042
SEN,Senegal,tilapia,grain,163.00535652543982
SEN,Senegal,tilapia,oil,75.23324147327992
ARE,United Arab Emirates,tilapia,soy,139.83281632262998
ARE,United Arab Emirates,tilapia,grain,161.75146916755182
ARE,United Arab Emirates,tilapia,oil,74.65452423117777
BFA,Burkina Faso,tilapia,soy,137.12287802180379
BFA,Burkina Faso,tilapia,grain,158.6167507728318
BFA,Burkina Faso,tilapia,oil,73.2077311259224
ROU,Romania,tilapia,soy,136.51585184241875
ROU,Romania,tilapia,grain,157.91457385241455
ROU,Romania,tilapia,oil,72.88364947034518
HKG,Hong Kong SAR China,tilapia,soy,135.4969150413081
HKG,Hong Kong SAR China,tilapia,grain,156.73591973599986
HKG,Hong Kong SAR China,tilapia,oil,72.33965526276917
JAM,Jamaica,catfish,soy,134.71089772959084
JAM,Jamaica,catfish,grain,130.8930076372052
JAM,Jamaica,catfish,oil,75.9024541328172
KEN,Kenya,oth_carp,soy,93.47675338836581
KEN,Kenya,oth_carp,grain,73.83382651693266
KEN,Kenya,oth_carp,oil,238.5400549008594
PAK,Pakistan,tilapia,soy,132.78697674048195
PAK,Pakistan,tilapia,grain,153.60120134127985
PAK,Pakistan,tilapia,oil,70.89286215751379
MKD,North Macedonia,oth_carp,soy,90.82761462837162
MKD,North Macedonia,oth_carp,grain,71.7413698949953
MKD,North Macedonia,oth_carp,oil,231.77981042998482
TUR,Turkey,oth_carp,soy,88.17847586837746
TUR,Turkey,oth_carp,grain,69.64891327305793
TUR,Turkey,oth_carp,oil,225.01956595911028
NER,Niger,tilapia,soy,124.65716183800345
NER,Niger,tilapia,grain,144.19704615711984
NER,Niger,tilapia,oil,66.55248284174762
TJK,Tajikistan,oth_carp,soy,87.04313068552281
TJK,Tajikistan,oth_carp,grain,68.7521461493705
TJK,Tajikistan,oth_carp,oil,222.12231832873547
GIN,Guinea,catfish,soy,124.37765216077487
GIN,Guinea,catfish,grain,120.85262030439148
GIN,Guinea,catfish,oil,70.08021769130391
SGP,Singapore,catfish,soy,121.81814510391261
SGP,Singapore,catfish,grain,118.36565315928455
SGP,Singapore,catfish,oil,68.63807106278038
SRB,Serbia,hypoph_carp,soy,16.655059112218108
SRB,Serbia,hypoph_carp,grain,133.2928492851583
SRB,Serbia,hypoph_carp,oil,0
AUS,Australia,trout,soy,12.040239992492996
AUS,Australia,trout,grain,125.77920881388343
AUS,Australia,trout,oil,0
ARM,Armenia,catfish,soy,117.39865384466354
ARM,Armenia,catfish,grain,114.0714162942712
ARM,Armenia,catfish,oil,66.14792187478446
GBR,United Kingdom,oth_carp,soy,81.58212035599195
GBR,United Kingdom,oth_carp,grain,64.43869628443389
GBR,United Kingdom,oth_carp,oil,208.1865572266326
TJK,Tajikistan,hypoph_carp,soy,15.838974791983528
TJK,Tajikistan,hypoph_carp,grain,126.7616083229927
TJK,Tajikistan,hypoph_carp,oil,0
UGA,Uganda,oth_carp,soy,79.47416279982517
UGA,Uganda,oth_carp,grain,62.77369865812088
UGA,Uganda,oth_carp,oil,202.8073341262367
LBR,Liberia,tilapia,soy,111.10747033387266
LBR,Liberia,tilapia,grain,128.52345418351987
LBR,Liberia,tilapia,oil,59.31851731547072
LKA,Sri Lanka,misc_diad,soy,2.905847133193231
LKA,Sri Lanka,misc_diad,grain,86.58390724938526
LKA,Sri Lanka,misc_diad,oil,23.31105195175757
ALB,Albania,catfish,soy,108.20152428079588
ALB,Albania,catfish,grain,105.1349458933375
ALB,Albania,catfish,oil,60.96582661270458
ARM,Armenia,hypoph_carp,soy,15.084737897127168
ARM,Armenia,hypoph_carp,grain,120.72534125999304
ARM,Armenia,hypoph_carp,oil,0
DOM,Dominican Republic,oth_carp,soy,75.68967885697634
DOM,Dominican Republic,oth_carp,grain,59.78447491249607
DOM,Dominican Republic,oth_carp,oil,193.14984202498732
BLR,Belarus,catfish,soy,100.35691377043817
BLR,Belarus,catfish,grain,97.51266231607053
BLR,Belarus,catfish,oil,56.5458041832835
BTN,Bhutan,oth_carp,soy,70.01295294270312
BTN,Bhutan,oth_carp,grain,55.300639294058875
BTN,Bhutan,oth_carp,oil,178.6636038731133
BLR,Belarus,tilapia,soy,98.80435044812188
BLR,Belarus,tilapia,grain,114.2918326714911
BLR,Belarus,tilapia,oil,52.75007661761127
ISR,Israel,hypoph_carp,soy,13.199145659986273
ISR,Israel,hypoph_carp,grain,105.6346736024939
ISR,Israel,hypoph_carp,oil,0
KWT,Kuwait,tilapia,soy,94.84784052891567
KWT,Kuwait,tilapia,grain,109.71514381519987
KWT,Kuwait,tilapia,oil,50.63775868393841
LTU,Lithuania,hypoph_carp,soy,12.40795115728195
LTU,Lithuania,hypoph_carp,grain,99.30262945340726
LTU,Lithuania,hypoph_carp,oil,0
RWA,Rwanda,catfish,soy,84.39718893902078
RWA,Rwanda,catfish,grain,82.00525779680325
RWA,Rwanda,catfish,oil,47.553344757909564
JPN,Japan,catfish,soy,82.23315845340487
JPN,Japan,catfish,grain,79.90255887893649
JPN,Japan,catfish,oil,46.33402822565548
BOL,Bolivia,oth_carp,soy,56.767259142732264
BOL,Bolivia,oth_carp,grain,44.83835618437205
BOL,Bolivia,oth_carp,oil,144.86238151874048
JOR,Jordan,tilapia,soy,81.29814902478486
JOR,Jordan,tilapia,grain,94.0415518415999
JOR,Jordan,tilapia,oil,43.40379315766149
PNG,Papua New Guinea,trout,soy,8.23283037276724
PNG,Papua New Guinea,trout,grain,86.0048380456877
PNG,Papua New Guinea,trout,oil,0
EST,Estonia,catfish,soy,80.30176124499266
EST,Estonia,catfish,grain,78.02590009474044
EST,Estonia,catfish,oil,45.24578822061871
SVN,Slovenia,oth_carp,soy,52.33941292959916
SVN,Slovenia,oth_carp,grain,41.340964401991044
SVN,Slovenia,oth_carp,oil,133.56311576027875
KOR,South Korea,tilapia,soy,74.79429710280209
KOR,South Korea,tilapia,grain,86.51822769427191
KOR,South Korea,tilapia,oil,39.931489705048584
UKR,Ukraine,tilapia,soy,74.79429710280209
UKR,Ukraine,tilapia,grain,86.51822769427191
UKR,Ukraine,tilapia,oil,39.931489705048584
COG,Congo - Brazzaville,catfish,soy,70.33099078251732
COG,Congo - Brazzaville,catfish,grain,68.33771483066938
COG,Congo - Brazzaville,catfish,oil,39.62778729825798
UZB,Uzbekistan,trout,soy,7.135119656398275
UZB,Uzbekistan,trout,grain,74.53752630626269
UZB,Uzbekistan,trout,oil,0
GTM,Guatemala,trout,soy,7.025348584761377
GTM,Guatemala,trout,grain,73.39079513232019
GTM,Guatemala,trout,oil,0
FIN,Finland,catfish,soy,68.76206868044578
FIN,Finland,catfish,grain,66.81325811521599
FIN,Finland,catfish,oil,38.74378281237376
ETH,Ethiopia,tilapia,soy,67.20646986048882
ETH,Ethiopia,tilapia,grain,77.74101618905591
ETH,Ethiopia,tilapia,oil,35.880469010333506
LTU,Lithuania,tilapia,soy,65.29325342010556
LTU,Lithuania,tilapia,grain,75.52790500238359
LTU,Lithuania,tilapia,oil,34.859033078023195
PAN,Panama,tilapia,soy,65.0927179858444
PAN,Panama,tilapia,grain,75.29593584117431
PAN,Panama,tilapia,oil,34.7519703882343
ECU,Ecuador,catfish,soy,64.92091456847751
ECU,Ecuador,catfish,grain,63.080967536002504
ECU,Ecuador,catfish,oil,36.57949596762274
NER,Niger,catfish,soy,64.92091456847751
NER,Niger,catfish,grain,63.080967536002504
NER,Niger,catfish,oil,36.57949596762274
BFA,Burkina Faso,catfish,soy,64.37990694707355
BFA,Burkina Faso,catfish,grain,62.55529280653582
BFA,Burkina Faso,catfish,oil,36.27466683455922
HRV,Croatia,catfish,soy,63.89300008780996
HRV,Croatia,catfish,grain,62.082185550015794
HRV,Croatia,catfish,oil,36.00032061480205
SRB,Serbia,catfish,soy,58.401772730559564
SRB,Serbia,catfish,grain,56.746587045928905
SRB,Serbia,catfish,oil,32.9063049142073
LTU,Lithuania,trout,soy,5.8260996271282846
LTU,Lithuania,trout,grain,60.86275705699834
LTU,Lithuania,trout,oil,0
TGO,Togo,tilapia,soy,55.82472899701894
TGO,Togo,tilapia,grain,64.57519893123194
TGO,Togo,tilapia,oil,29.803937968260897
CAF,Central African Republic,tilapia,soy,54.19876601652325
CAF,Central African Republic,tilapia,grain,62.69436789439993
CAF,Central African Republic,tilapia,oil,28.935862105107663
FJI,Fiji,tilapia,soy,54.19876601652325
FJI,Fiji,tilapia,grain,62.69436789439993
FJI,Fiji,tilapia,oil,28.935862105107663
MAR,Morocco,trout,soy,5.488553581844826
MAR,Morocco,trout,grain,57.33655869712514
MAR,Morocco,trout,oil,0
NLD,Netherlands,tilapia,soy,54.19876601652325
NLD,Netherlands,tilapia,grain,62.69436789439993
NLD,Netherlands,tilapia,oil,28.935862105107663
SAU,Saudi Arabia,catfish,soy,54.10076214039794
SAU,Saudi Arabia,catfish,grain,52.56747294666875
SAU,Saudi Arabia,catfish,oil,30.48291330635229
SWZ,Eswatini,tilapia,soy,54.19876601652325
SWZ,Eswatini,tilapia,grain,62.69436789439993
SWZ,Eswatini,tilapia,oil,28.935862105107663
ZMB,Zambia,oth_carp,soy,37.73130491020272
ZMB,Zambia,oth_carp,grain,29.8025607438793
ZMB,Zambia,oth_carp,oil,96.2851962494562
ARG,Argentina,oth_carp,soy,37.45125309843189
ARG,Argentina,oth_carp,grain,29.581358186703056
ARG,Argentina,oth_carp,oil,95.57054183396373
HUN,Hungary,tilapia,soy,52.68120056806059
HUN,Hungary,tilapia,grain,60.93892559335673
HUN,Hungary,tilapia,oil,28.12565796616465
NOR,Norway,trout,soy,5.323896974389482
NOR,Norway,trout,grain,55.61646193621139
NOR,Norway,trout,oil,0
LVA,Latvia,trout,soy,5.060446402460931
LVA,Latvia,trout,grain,52.86430711874939
LVA,Latvia,trout,oil,0
CHE,Switzerland,tilapia,soy,44.44298813354906
CHE,Switzerland,tilapia,grain,51.40938167340794
CHE,Switzerland,tilapia,oil,23.727406926188287
SUR,Suriname,catfish,soy,44.22737304977532
SUR,Suriname,catfish,grain,42.973909133901714
SUR,Suriname,catfish,oil,24.919781627943
GUY,Guyana,tilapia,soy,43.4430209005442
GUY,Guyana,tilapia,grain,50.25267058575627
GUY,Guyana,tilapia,oil,23.193540270349047
COD,Congo - Kinshasa,catfish,soy,43.28060971231835
COD,Congo - Kinshasa,catfish,grain,42.053978357335
COD,Congo - Kinshasa,catfish,oil,24.38633064508183
MDA,Moldova,tilapia,soy,43.35901281321859
MDA,Moldova,tilapia,grain,50.15549431551994
MDA,Moldova,tilapia,oil,23.14868968408613
SLE,Sierra Leone,tilapia,soy,43.35901281321859
SLE,Sierra Leone,tilapia,grain,50.15549431551994
SLE,Sierra Leone,tilapia,oil,23.14868968408613
VEN,Venezuela,trout,soy,4.390842865475861
VEN,Venezuela,trout,grain,45.86924695770012
VEN,Venezuela,trout,oil,0
OMN,Oman,tilapia,soy,41.86746277244387
OMN,Oman,tilapia,grain,48.43014531106606
OMN,Oman,tilapia,oil,22.35237475895357
BIH,Bosnia & Herzegovina,catfish,soy,41.38708303740442
BIH,Bosnia & Herzegovina,catfish,grain,40.214116804201595
BIH,Bosnia & Herzegovina,catfish,oil,23.319428679359504
GEO,Georgia,tilapia,soy,41.191062172557665
GEO,Georgia,tilapia,grain,47.64771959974395
GEO,Georgia,tilapia,oil,21.991255199881827
BDI,Burundi,catfish,soy,40.57557160529846
BDI,Burundi,catfish,grain,39.425604710001565
BDI,Burundi,catfish,oil,22.862184979764216
BEL,Belgium,catfish,soy,40.57557160529846
BEL,Belgium,catfish,grain,39.425604710001565
BEL,Belgium,catfish,oil,22.862184979764216
HTI,Haiti,catfish,soy,40.57557160529846
HTI,Haiti,catfish,grain,39.425604710001565
HTI,Haiti,catfish,oil,22.862184979764216
ESP,Spain,tilapia,soy,39.255624238107615
ESP,Spain,tilapia,grain,45.408903722234925
ESP,Spain,tilapia,oil,20.95795556410843
GUM,Guam,tilapia,soy,37.93913621156627
GUM,Guam,tilapia,grain,43.886057526079945
GUM,Guam,tilapia,oil,20.255103473575364
TLS,Timor-Leste,tilapia,soy,37.93913621156627
TLS,Timor-Leste,tilapia,grain,43.886057526079945
TLS,Timor-Leste,tilapia,oil,20.255103473575364
"NAM",Namibia,tilapia,soy,37.716921270898524
"NAM",Namibia,tilapia,grain,43.62901061771292
"NAM",Namibia,tilapia,oil,20.136466438944424
TCD,Chad,tilapia,soy,35.229197910740105
TCD,Chad,tilapia,grain,40.751339131359956
TCD,Chad,tilapia,oil,18.80831036831998
BLZ,Belize,tilapia,soy,32.519259609913945
BLZ,Belize,tilapia,grain,37.61662073663996
BLZ,Belize,tilapia,oil,17.3615172630646
URY,Uruguay,tilapia,soy,32.50787786905048
URY,Uruguay,tilapia,grain,37.60345491938214
URY,Uruguay,tilapia,oil,17.355440732022526
ARG,Argentina,tilapia,soy,30.519325143904243
ARG,Argentina,tilapia,grain,35.30319856133661
ARG,Argentina,tilapia,oil,16.293783951386125
MWI,Malawi,trout,soy,3.0735900058331027
MWI,Malawi,trout,grain,32.10847287039008
MWI,Malawi,trout,oil,0
LVA,Latvia,catfish,soy,30.26396634133861
LVA,Latvia,catfish,grain,29.406244366366504
LVA,Latvia,catfish,oil,17.05214170357347
HTI,Haiti,oth_carp,soy,20.8146616856685
HTI,Haiti,oth_carp,grain,16.440730600936423
HTI,Haiti,oth_carp,oil,53.116206556871525
HUN,Hungary,trout,soy,2.969307487778051
HUN,Hungary,trout,grain,31.019078255144702
HUN,Hungary,trout,oil,0
MDA,Moldova,catfish,soy,28.9439077451129
MDA,Moldova,catfish,grain,28.123598026467786
MDA,Moldova,catfish,oil,16.308358618898474
ZWE,Zimbabwe,trout,soy,2.7936737731590164
ZWE,Zimbabwe,trout,grain,29.184308376836697
ZWE,Zimbabwe,trout,oil,0
AFG,Afghanistan,trout,soy,2.744276790922413
AFG,Afghanistan,trout,grain,28.66827934856257
AFG,Afghanistan,trout,oil,0
BOL,Bolivia,tilapia,soy,27.099383008261626
BOL,Bolivia,tilapia,grain,31.347183947199966
BOL,Bolivia,tilapia,oil,14.467931052553832
COL,Colombia,oth_carp,soy,18.922419714244086
COL,Colombia,oth_carp,grain,14.946118728124018
COL,Colombia,oth_carp,oil,48.28746050624683
PRK,North Korea,tilapia,soy,27.099383008261626
PRK,North Korea,tilapia,grain,31.347183947199966
PRK,North Korea,tilapia,oil,14.467931052553832
SVN,Slovenia,catfish,soy,24.94045134672345
SVN,Slovenia,catfish,grain,24.233605028414296
SVN,Slovenia,catfish,oil,14.052623034228404
GAB,Gabon,tilapia,soy,24.38944470743546
GAB,Gabon,tilapia,grain,28.21246555247997
GAB,Gabon,tilapia,oil,13.021137947298447
NLD,Netherlands,trout,soy,2.4698491118301718
NLD,Netherlands,trout,grain,25.801451413706314
NLD,Netherlands,trout,oil,0
MWI,Malawi,oth_carp,soy,16.6517293485348
MWI,Malawi,oth_carp,grain,13.15258448074914
MWI,Malawi,oth_carp,oil,42.49296524549722
CYP,Cyprus,trout,soy,2.3875208081024994
CYP,Cyprus,trout,grain,24.941403033249436
CYP,Cyprus,trout,oil,0
AZE,Azerbaijan,hypoph_carp,soy,3.243218647882341
AZE,Azerbaijan,hypoph_carp,grain,25.955948370898504
AZE,Azerbaijan,hypoph_carp,oil,0
LVA,Latvia,tilapia,soy,22.926078024989327
LVA,Latvia,tilapia,grain,26.519717619331168
LVA,Latvia,tilapia,oil,12.239869670460541
AGO,Angola,catfish,soy,21.640304856159176
AGO,Angola,catfish,grain,21.0269891786675
AGO,Angola,catfish,oil,12.193165322540915
ESP,Spain,oth_carp,soy,14.858262408018742
ESP,Spain,oth_carp,grain,11.735991347697542
ESP,Spain,oth_carp,oil,37.91627973871513
VEN,Venezuela,tilapia,soy,18.969568105783136
VEN,Venezuela,tilapia,grain,21.943028763039973
VEN,Venezuela,tilapia,oil,10.127551736787682
GRC,Greece,catfish,soy,17.74504998205052
GRC,Greece,catfish,grain,17.24213112650735
GRC,Greece,catfish,oil,9.99839556448355
CAF,Central African Republic,oth_carp,soy,11.353451828546453
CAF,Central African Republic,oth_carp,grain,8.967671236874413
CAF,Central African Republic,oth_carp,oil,28.972476303748103
SEN,Senegal,catfish,soy,16.23022864211938
SEN,Senegal,catfish,grain,15.770241884000626
SEN,Senegal,catfish,oil,9.144873991905685
TKM,Turkmenistan,oth_carp,soy,11.353451828546453
TKM,Turkmenistan,oth_carp,grain,8.967671236874413
TKM,Turkmenistan,oth_carp,oil,28.972476303748103
SVK,Slovakia,hypoph_carp,soy,2.1872869950834395
SVK,Slovakia,hypoph_carp,grain,17.505174482698994
SVK,Slovakia,hypoph_carp,oil,0
TGO,Togo,catfish,soy,15.6892210207154
TGO,Togo,catfish,grain,15.244567154533936
TGO,Togo,catfish,oil,8.840044858842163
PSE,Palestinian Territories,tilapia,soy,14.091679164296043
PSE,Palestinian Territories,tilapia,grain,16.30053565254398
PSE,Palestinian Territories,tilapia,oil,7.523324147327992
PAN,Panama,catfish,soy,13.719953278804919
PAN,Panama,catfish,grain,13.331111139275196
PAN,Panama,catfish,oil,7.73046681449094
BRB,Barbados,tilapia,soy,13.549691504130813
BRB,Barbados,tilapia,grain,15.673591973599983
BRB,Barbados,tilapia,oil,7.233965526276916
CAF,Central African Republic,catfish,soy,13.525190535099485
CAF,Central African Republic,catfish,grain,13.141868236667188
CAF,Central African Republic,catfish,oil,7.620728326588073
CMR,Cameroon,oth_carp,soy,9.461209857122043
CMR,Cameroon,oth_carp,grain,7.473059364062009
CMR,Cameroon,oth_carp,oil,24.143730253123415
GNB,Guinea-Bissau,tilapia,soy,13.549691504130813
GNB,Guinea-Bissau,tilapia,grain,15.673591973599983
GNB,Guinea-Bissau,tilapia,oil,7.233965526276916
KGZ,Kyrgyzstan,tilapia,soy,13.549691504130813
KGZ,Kyrgyzstan,tilapia,grain,15.673591973599983
KGZ,Kyrgyzstan,tilapia,oil,7.233965526276916
TLS,Timor-Leste,oth_carp,soy,9.082761462837162
TLS,Timor-Leste,oth_carp,grain,7.17413698949953
TLS,Timor-Leste,oth_carp,oil,23.177981042998482
LKA,Sri Lanka,milkfish,soy,4.9825508101558755
LKA,Sri Lanka,milkfish,grain,31.58641843765728
LKA,Sri Lanka,milkfish,oil,0
EGY,Egypt,oth_carp,soy,8.89353726569472
EGY,Egypt,oth_carp,grain,7.0246758022182885
EGY,Egypt,oth_carp,oil,22.69510643793601
TUR,Turkey,tilapia,soy,11.381740863469881
TUR,Turkey,tilapia,grain,13.165817257823985
TUR,Turkey,tilapia,oil,6.0765310420726095
ASM,American Samoa,tilapia,soy,10.839753203304648
ASM,American Samoa,tilapia,grain,12.538873578879985
ASM,American Samoa,tilapia,oil,5.787172421021532
BTN,Bhutan,trout,soy,1.0977107163689652
BTN,Bhutan,trout,grain,11.46731173942503
BTN,Bhutan,trout,oil,0
BWA,Botswana,tilapia,soy,10.839753203304648
BWA,Botswana,tilapia,grain,12.538873578879985
BWA,Botswana,tilapia,oil,5.787172421021532
KGZ,Kyrgyzstan,catfish,soy,10.820152428079588
KGZ,Kyrgyzstan,catfish,grain,10.51349458933375
KGZ,Kyrgyzstan,catfish,oil,6.096582661270458
PAN,Panama,trout,soy,1.0977107163689652
PAN,Panama,trout,grain,11.46731173942503
PAN,Panama,trout,oil,0
SSD,South Sudan,tilapia,soy,10.839753203304648
SSD,South Sudan,tilapia,grain,12.538873578879985
SSD,South Sudan,tilapia,oil,5.787172421021532
TCD,Chad,catfish,soy,10.820152428079588
TCD,Chad,catfish,grain,10.51349458933375
TCD,Chad,catfish,oil,6.096582661270458
TJK,Tajikistan,catfish,soy,10.820152428079588
TJK,Tajikistan,catfish,grain,10.51349458933375
TJK,Tajikistan,catfish,oil,6.096582661270458
TKM,Turkmenistan,catfish,soy,10.820152428079588
TKM,Turkmenistan,catfish,grain,10.51349458933375
TKM,Turkmenistan,catfish,oil,6.096582661270458
TKM,Turkmenistan,hypoph_carp,soy,1.5084737897127167
TKM,Turkmenistan,hypoph_carp,grain,12.072534125999306
TKM,Turkmenistan,hypoph_carp,oil,0
ZAF,South Africa,catfish,soy,10.820152428079588
ZAF,South Africa,catfish,grain,10.51349458933375
ZAF,South Africa,catfish,oil,6.096582661270458
EST,Estonia,tilapia,soy,10.297765543139416
EST,Estonia,tilapia,grain,11.911929899935988
EST,Estonia,tilapia,oil,5.497813799970457
GEO,Georgia,catfish,soy,10.279144806675609
GEO,Georgia,catfish,grain,9.987819859867061
GEO,Georgia,catfish,oil,5.791753528206935
TUN,Tunisia,tilapia,soy,10.297765543139416
TUN,Tunisia,tilapia,grain,11.911929899935988
TUN,Tunisia,tilapia,oil,5.497813799970457
LKA,Sri Lanka,hypoph_carp,soy,1.3576264107414453
LKA,Sri Lanka,hypoph_carp,grain,10.865280713399374
LKA,Sri Lanka,hypoph_carp,oil,0
MNP,Northern Mariana Islands,tilapia,soy,9.755777882974183
MNP,Northern Mariana Islands,tilapia,grain,11.284986220991987
MNP,Northern Mariana Islands,tilapia,oil,5.208455178919379
BTN,Bhutan,hypoph_carp,soy,1.2822027212558094
BTN,Bhutan,hypoph_carp,grain,10.26165400709941
BTN,Bhutan,hypoph_carp,oil,0
AUT,Austria,hypoph_carp,soy,1.1690671870273555
AUT,Austria,hypoph_carp,grain,9.356213947649461
AUT,Austria,hypoph_carp,oil,0
BDI,Burundi,oth_carp,soy,5.676725914273226
BDI,Burundi,oth_carp,grain,4.483835618437206
BDI,Burundi,oth_carp,oil,14.486238151874051
BRN,Brunei,catfish,soy,8.11511432105969
BRN,Brunei,catfish,grain,7.885120942000313
BRN,Brunei,catfish,oil,4.572436995952843
LBN,Lebanon,tilapia,soy,8.129814902478486
LBN,Lebanon,tilapia,grain,9.40415518415999
LBN,Lebanon,tilapia,oil,4.34037931576615
LBR,Liberia,catfish,soy,8.11511432105969
LBR,Liberia,catfish,grain,7.885120942000313
LBR,Liberia,catfish,oil,4.572436995952843
GMB,Gambia,tilapia,soy,6.503851921982789
GMB,Gambia,tilapia,grain,7.523324147327991
GMB,Gambia,tilapia,oil,3.4723034526129193
GBR,United Kingdom,catfish,soy,6.043055131082451
GBR,United Kingdom,catfish,grain,5.8717867281429
GBR,United Kingdom,catfish,oil,3.4049414163195513
NIC,Nicaragua,tilapia,soy,5.961864261817556
NIC,Nicaragua,tilapia,grain,6.896380468383992
NIC,Nicaragua,tilapia,oil,3.1829448315618434
AUT,Austria,tilapia,soy,5.690870431734941
AUT,Austria,tilapia,grain,6.5829086289119925
AUT,Austria,tilapia,oil,3.0382655210363048
ATG,Antigua & Barbuda,tilapia,soy,5.419876601652324
ATG,Antigua & Barbuda,tilapia,grain,6.269436789439992
ATG,Antigua & Barbuda,tilapia,oil,2.893586210510766
LBY,Libya,tilapia,soy,5.419876601652324
LBY,Libya,tilapia,grain,6.269436789439992
LBY,Libya,tilapia,oil,2.893586210510766
QAT,Qatar,tilapia,soy,5.419876601652324
QAT,Qatar,tilapia,grain,6.269436789439992
QAT,Qatar,tilapia,oil,2.893586210510766
TJK,Tajikistan,trout,soy,0.5488553581844826
TJK,Tajikistan,trout,grain,5.733655869712515
TJK,Tajikistan,trout,oil,0
TKM,Turkmenistan,tilapia,soy,5.419876601652324
TKM,Turkmenistan,tilapia,grain,6.269436789439992
TKM,Turkmenistan,tilapia,oil,2.893586210510766
TZA,Tanzania,trout,soy,0.5488553581844826
TZA,Tanzania,trout,grain,5.733655869712515
TZA,Tanzania,trout,oil,0
WSM,Samoa,tilapia,soy,5.322318822822582
WSM,Samoa,tilapia,grain,6.156586927230073
WSM,Samoa,tilapia,oil,2.841501658721573
LCA,St. Lucia,tilapia,soy,4.9266678309019625
LCA,St. Lucia,tilapia,grain,5.698918041600954
LCA,St. Lucia,tilapia,oil,2.630269865354286
GNQ,Equatorial Guinea,catfish,soy,4.8690685926358155
GNQ,Equatorial Guinea,catfish,grain,4.731072565200188
GNQ,Equatorial Guinea,catfish,oil,2.743462197571706
SGP,Singapore,oth_carp,soy,3.2175682482100645
SGP,Singapore,oth_carp,grain,2.5414380285302083
SGP,Singapore,oth_carp,oil,8.210799784482212
TUR,Turkey,catfish,soy,4.328060971231835
TUR,Turkey,catfish,grain,4.2053978357335
TUR,Turkey,catfish,oil,2.438633064508183
VIR,U.S. Virgin Islands,tilapia,soy,4.33590128132186
VIR,U.S. Virgin Islands,tilapia,grain,5.015549431551995
VIR,U.S. Virgin Islands,tilapia,oil,2.314868968408613
GRC,Greece,oth_carp,soy,2.6869835994226605
GRC,Greece,oth_carp,grain,2.1223488593936106
GRC,Greece,oth_carp,oil,6.856819391887051
PAN,Panama,oth_carp,soy,2.535604241708708
PAN,Panama,oth_carp,grain,2.0027799095686185
PAN,Panama,oth_carp,oil,6.470519707837076
GNQ,Equatorial Guinea,tilapia,soy,3.2519259609913944
GNQ,Equatorial Guinea,tilapia,grain,3.7616620736639956
GNQ,Equatorial Guinea,tilapia,oil,1.7361517263064596
PRI,Puerto Rico,catfish,soy,3.2460457284238764
PRI,Puerto Rico,catfish,grain,3.1540483768001253
PRI,Puerto Rico,catfish,oil,1.8289747983811375
PSE,Palestinian Territories,oth_carp,soy,2.2706903657092905
PSE,Palestinian Territories,oth_carp,grain,1.7935342473748825
PSE,Palestinian Territories,oth_carp,oil,5.7944952607496205
VUT,Vanuatu,tilapia,soy,3.2400022324677593
VUT,Vanuatu,tilapia,grain,3.747869312727228
VUT,Vanuatu,tilapia,oil,1.729785836643336
ZMB,Zambia,catfish,soy,3.191944966283479
ZMB,Zambia,catfish,grain,3.1014809038534565
ZMB,Zambia,catfish,oil,1.798491885074785
TTO,Trinidad & Tobago,tilapia,soy,2.9538327479005164
TTO,Trinidad & Tobago,tilapia,grain,3.4168430502447964
TTO,Trinidad & Tobago,tilapia,oil,1.5770044847283677
PER,Peru,oth_carp,soy,2.0057764897098735
PER,Peru,oth_carp,grain,1.5842885851811461
PER,Peru,oth_carp,oil,5.118470813662165
ZAF,South Africa,oth_carp,soy,2.0057764897098735
ZAF,South Africa,oth_carp,grain,1.5842885851811461
ZAF,South Africa,oth_carp,oil,5.118470813662165
GAB,Gabon,catfish,soy,2.705038107019897
GAB,Gabon,catfish,grain,2.6283736473334374
GAB,Gabon,catfish,oil,1.5241456653176144
MDG,Madagascar,catfish,soy,2.705038107019897
MDG,Madagascar,catfish,grain,2.6283736473334374
MDG,Madagascar,catfish,oil,1.5241456653176144
"NAM",Namibia,catfish,soy,2.705038107019897
"NAM",Namibia,catfish,grain,2.6283736473334374
"NAM",Namibia,catfish,oil,1.5241456653176144
REU,Réunion,tilapia,soy,2.709938300826162
REU,Réunion,tilapia,grain,3.134718394719996
REU,Réunion,tilapia,oil,1.446793105255383
REU,Réunion,trout,soy,0.2744276790922413
REU,Réunion,trout,grain,2.8668279348562575
REU,Réunion,trout,oil,0
SLE,Sierra Leone,catfish,soy,2.705038107019897
SLE,Sierra Leone,catfish,grain,2.6283736473334374
SLE,Sierra Leone,catfish,oil,1.5241456653176144
ZWE,Zimbabwe,catfish,soy,2.705038107019897
ZWE,Zimbabwe,catfish,grain,2.6283736473334374
ZWE,Zimbabwe,catfish,oil,1.5241456653176144
GTM,Guatemala,oth_carp,soy,1.5137935771395272
GTM,Guatemala,oth_carp,grain,1.1956894982499215
GTM,Guatemala,oth_carp,oil,3.862996840499747
SLB,Solomon Islands,tilapia,soy,1.8969568105783137
SLB,Solomon Islands,tilapia,grain,2.194302876303998
SLB,Solomon Islands,tilapia,oil,1.0127551736787683
BRN,Brunei,tilapia,soy,1.6259629804956972
BRN,Brunei,tilapia,grain,1.8808310368319978
BRN,Brunei,tilapia,oil,0.8680758631532298
DNK,Denmark,tilapia,soy,1.6259629804956972
DNK,Denmark,tilapia,grain,1.8808310368319978
DNK,Denmark,tilapia,oil,0.8680758631532298
GMB,Gambia,catfish,soy,1.6230228642119382
GMB,Gambia,catfish,grain,1.5770241884000626
GMB,Gambia,catfish,oil,0.9144873991905688
MUS,Mauritius,tilapia,soy,1.6259629804956972
MUS,Mauritius,tilapia,grain,1.8808310368319978
MUS,Mauritius,tilapia,oil,0.8680758631532298
PSE,Palestinian Territories,misc_diad,soy,0.04332128111901652
PSE,Palestinian Territories,misc_diad,grain,1.2908200653389446
PSE,Palestinian Territories,misc_diad,oil,0.34752847912971585
ETH,Ethiopia,trout,soy,0.10977107163689652
ETH,Ethiopia,trout,grain,1.146731173942503
ETH,Ethiopia,trout,oil,0
GLP,Guadeloupe,tilapia,soy,1.083975320330465
GLP,Guadeloupe,tilapia,grain,1.2538873578879988
GLP,Guadeloupe,tilapia,oil,0.5787172421021533
JAM,Jamaica,oth_carp,soy,0.7568967885697636
JAM,Jamaica,oth_carp,grain,0.5978447491249608
JAM,Jamaica,oth_carp,oil,1.9314984202498735
LBN,Lebanon,oth_carp,soy,0.7568967885697636
LBN,Lebanon,oth_carp,grain,0.5978447491249608
LBN,Lebanon,oth_carp,oil,1.9314984202498735
PRI,Puerto Rico,tilapia,soy,1.083975320330465
PRI,Puerto Rico,tilapia,grain,1.2538873578879988
PRI,Puerto Rico,tilapia,oil,0.5787172421021533
SYR,Syria,hypoph_carp,soy,0.1508473789712717
SYR,Syria,hypoph_carp,grain,1.2072534125999304
SYR,Syria,hypoph_carp,oil,0
TTO,Trinidad & Tobago,catfish,soy,1.0820152428079588
TTO,Trinidad & Tobago,catfish,grain,1.051349458933375
TTO,Trinidad & Tobago,catfish,oil,0.6096582661270458
GBR,United Kingdom,tilapia,soy,0.569087043173494
GBR,United Kingdom,tilapia,grain,0.6582908628911993
GBR,United Kingdom,tilapia,oil,0.30382655210363047
SVK,Slovakia,tilapia,soy,0.569087043173494
SVK,Slovakia,tilapia,grain,0.6582908628911993
SVK,Slovakia,tilapia,oil,0.30382655210363047
BHS,Bahamas,tilapia,soy,0.5419876601652325
BHS,Bahamas,tilapia,grain,0.6269436789439994
BHS,Bahamas,tilapia,oil,0.2893586210510766
COK,Cook Islands,tilapia,soy,0.5419876601652325
COK,Cook Islands,tilapia,grain,0.6269436789439994
COK,Cook Islands,tilapia,oil,0.2893586210510766
GUF,French Guiana,catfish,soy,0.5410076214039794
GUF,French Guiana,catfish,grain,0.5256747294666875
GUF,French Guiana,catfish,oil,0.3048291330635229
GUF,French Guiana,oth_carp,soy,0.3784483942848818
GUF,French Guiana,oth_carp,grain,0.2989223745624804
GUF,French Guiana,oth_carp,oil,0.9657492101249368
LSO,Lesotho,oth_carp,soy,0.3784483942848818
LSO,Lesotho,oth_carp,grain,0.2989223745624804
LSO,Lesotho,oth_carp,oil,0.9657492101249368
MNP,Northern Mariana Islands,milkfish,soy,0.20795287187628866
MNP,Northern Mariana Islands,milkfish,grain,1.3182979314548113
MNP,Northern Mariana Islands,milkfish,oil,0
RWA,Rwanda,oth_carp,soy,0.3784483942848818
RWA,Rwanda,oth_carp,grain,0.2989223745624804
RWA,Rwanda,oth_carp,oil,0.9657492101249368
SGP,Singapore,misc_diad,soy,0.014440427039672176
SGP,Singapore,misc_diad,grain,0.4302733551129815
SGP,Singapore,misc_diad,oil,0.11584282637657194
SSD,South Sudan,catfish,soy,0.5410076214039794
SSD,South Sudan,catfish,grain,0.5256747294666875
SSD,South Sudan,catfish,oil,0.3048291330635229
MKD,North Macedonia,catfish,soy,0.3787053349827856
MKD,North Macedonia,catfish,grain,0.36797231062668123
MKD,North Macedonia,catfish,oil,0.213380393144466
CYP,Cyprus,tilapia,soy,0.33061247270079175
CYP,Cyprus,tilapia,grain,0.3824356441558396
CYP,Cyprus,tilapia,oil,0.17650875884115672
DZA,Algeria,hypoph_carp,soy,0.04148302921709972
DZA,Algeria,hypoph_carp,grain,0.3319946884649809
DZA,Algeria,hypoph_carp,oil,0
ABW,Aruba,tilapia,soy,0.27099383008261624
ABW,Aruba,tilapia,grain,0.3134718394719997
ABW,Aruba,tilapia,oil,0.1446793105255383
CUW,Curaçao,tilapia,soy,0.27099383008261624
CUW,Curaçao,tilapia,grain,0.3134718394719997
CUW,Curaçao,tilapia,oil,0.1446793105255383
GRD,Grenada,tilapia,soy,0.27099383008261624
GRD,Grenada,tilapia,grain,0.3134718394719997
GRD,Grenada,tilapia,oil,0.1446793105255383
KNA,St. Kitts & Nevis,tilapia,soy,0.27099383008261624
KNA,St. Kitts & Nevis,tilapia,grain,0.3134718394719997
KNA,St. Kitts & Nevis,tilapia,oil,0.1446793105255383
MTQ,Martinique,tilapia,soy,0.27099383008261624
MTQ,Martinique,tilapia,grain,0.3134718394719997
MTQ,Martinique,tilapia,oil,0.1446793105255383
MYS,Malaysia,misc_diad,soy,0.006498192167852479
MYS,Malaysia,misc_diad,grain,0.19362300980084168
MYS,Malaysia,misc_diad,oil,0.05212927186945738
SGP,Singapore,tilapia,soy,0.16259629804956974
SGP,Singapore,tilapia,grain,0.18808310368319978
SGP,Singapore,tilapia,oil,0.086807586315323
